PLAYER_NAME,TEAM,RIVAL,GAME_DATE,MATCHUP,WL,MIN,PTS,FGM,FGA,FG_PCT,FG3M,FG3A,FG3_PCT,REB,AST,STL,BLK,TOV,PLUS_MINUS,HOME,SEASON
LeBron James,LAL,DAL,2024-10-22,LAL @ DAL,W,29.6,39.1,16,39,0.41,1,4,0.25,9.6,7.9,1.7,0.2,3.2,-3.7,0,2024-25
LeBron James,LAL,TOR,2024-10-25,LAL vs TOR,W,30.9,18.5,8,18,0.444,2,9,0.222,2.9,0.0,0.8,0.7,5.6,3.2,1,2024-25
LeBron James,LAL,SAS,2024-10-28,LAL vs SAS,L,34.8,13.2,5,14,0.357,2,6,0.333,4.1,3.0,0.4,0.7,1.7,-11.0,1,2024-25
LeBron James,LAL,WAS,2024-10-31,LAL vs WAS,W,32.5,25.6,13,24,0.542,2,7,0.286,7.2,0.0,1.6,0.4,3.1,5.3,1,2024-25
LeBron James,LAL,POR,2024-11-03,LAL @ POR,L,31.0,13.4,6,15,0.4,2,8,0.25,7.2,0.1,0.6,0.9,3.3,5.6,0,2024-25
LeBron James,LAL,HOU,2024-11-06,LAL vs HOU,L,32.5,32.0,12,30,0.4,3,8,0.375,7.9,8.3,1.5,0.0,2.9,-0.6,1,2024-25
LeBron James,LAL,PHX,2024-11-09,LAL @ PHX,L,32.4,13.9,5,14,0.357,2,8,0.25,6.0,8.5,1.6,0.5,1.3,-11.3,0,2024-25
LeBron James,LAL,DAL,2024-11-12,LAL vs DAL,W,36.8,30.0,15,29,0.517,0,2,0.0,0.6,3.4,1.9,0.3,1.6,-2.9,1,2024-25
LeBron James,LAL,GSW,2024-11-15,LAL vs GSW,W,36.6,36.5,17,36,0.472,2,6,0.333,4.1,1.7,0.6,0.2,1.8,-16.7,1,2024-25
LeBron James,LAL,OKC,2024-11-18,LAL @ OKC,W,35.0,36.6,16,37,0.432,0,2,0.0,3.7,3.8,2.1,0.0,2.9,15.8,0,2024-25
LeBron James,LAL,PHI,2024-11-21,LAL @ PHI,W,30.4,23.7,13,26,0.5,2,7,0.286,2.9,5.3,1.6,0.4,1.1,6.3,0,2024-25
LeBron James,LAL,DEN,2024-11-24,LAL vs DEN,W,36.1,33.1,17,34,0.5,2,5,0.4,6.3,0.0,1.5,0.9,1.5,5.4,1,2024-25
LeBron James,LAL,ATL,2024-11-27,LAL vs ATL,L,24.9,0.7,0,1,0.0,3,9,0.333,5.4,0.9,0.3,0.7,2.9,2.0,1,2024-25
LeBron James,LAL,NYK,2024-11-30,LAL vs NYK,W,37.0,24.4,12,25,0.48,2,9,0.222,5.5,1.0,1.9,1.1,3.4,-7.6,1,2024-25
LeBron James,LAL,CHA,2024-12-03,LAL @ CHA,L,34.6,40.0,18,38,0.474,1,4,0.25,6.2,1.8,0.6,0.4,2.9,2.2,0,2024-25
LeBron James,LAL,GSW,2024-12-06,LAL @ GSW,L,36.6,37.3,20,38,0.526,1,4,0.25,5.0,4.5,1.6,0.2,3.2,-15.6,0,2024-25
LeBron James,LAL,HOU,2024-12-09,LAL vs HOU,W,14.0,7.7,3,7,0.429,0,2,0.0,3.2,1.1,2.2,0.0,1.3,7.1,1,2024-25
LeBron James,LAL,TOR,2024-12-12,LAL @ TOR,W,31.0,20.3,10,19,0.526,0,2,0.0,1.5,5.2,1.1,0.1,2.6,-3.3,0,2024-25
LeBron James,LAL,TOR,2024-12-15,LAL vs TOR,L,18.9,3.1,0,1,0.0,2,7,0.286,6.1,0.0,1.5,0.1,3.4,-0.4,1,2024-25
LeBron James,LAL,DET,2024-12-18,LAL @ DET,W,34.4,31.8,13,33,0.394,1,3,0.333,8.1,2.4,0.9,0.0,1.6,13.3,0,2024-25
LeBron James,LAL,GSW,2024-12-21,LAL vs GSW,W,34.6,42.7,23,45,0.511,2,6,0.333,6.2,9.3,1.9,0.0,1.9,10.1,1,2024-25
LeBron James,LAL,CLE,2024-12-24,LAL @ CLE,L,28.4,10.2,4,11,0.364,2,9,0.222,0.0,1.4,1.0,0.0,4.5,-11.4,0,2024-25
LeBron James,LAL,BOS,2024-12-27,LAL @ BOS,L,36.6,23.9,13,26,0.5,2,9,0.222,12.0,3.5,1.2,0.7,2.7,-15.2,0,2024-25
LeBron James,LAL,GSW,2024-12-30,LAL vs GSW,W,37.4,41.0,22,41,0.537,3,9,0.333,5.8,2.4,1.1,0.2,1.8,6.8,1,2024-25
LeBron James,LAL,CHA,2025-01-02,LAL @ CHA,L,36.0,31.1,14,29,0.483,2,6,0.333,6.7,0.0,0.3,0.1,3.9,12.4,0,2024-25
LeBron James,LAL,NOP,2025-01-05,LAL @ NOP,W,33.1,25.4,10,23,0.435,1,4,0.25,3.8,6.5,1.3,0.5,0.9,-26.9,0,2024-25
LeBron James,LAL,PHX,2025-01-08,LAL vs PHX,W,24.2,9.1,2,7,0.286,2,6,0.333,5.8,4.2,0.7,0.9,2.3,-6.6,1,2024-25
LeBron James,LAL,ATL,2025-01-11,LAL @ ATL,L,29.0,22.8,11,25,0.44,0,2,0.0,3.6,4.6,0.2,0.0,1.6,-1.7,0,2024-25
LeBron James,LAL,TOR,2025-01-14,LAL vs TOR,L,32.7,20.3,10,19,0.526,2,9,0.222,5.0,7.2,1.7,0.6,2.6,-11.6,1,2024-25
LeBron James,LAL,PHI,2025-01-17,LAL vs PHI,L,28.1,21.4,9,23,0.391,1,6,0.167,7.5,1.3,0.7,0.0,4.2,-5.6,1,2024-25
Stephen Curry,GSW,ATL,2024-10-22,GSW @ ATL,W,31.4,15.3,6,14,0.429,1,3,0.333,4.3,5.1,0.6,0.0,1.6,-1.0,0,2024-25
Stephen Curry,GSW,CHA,2024-10-25,GSW @ CHA,L,30.7,26.2,15,28,0.536,2,6,0.333,10.1,2.7,1.3,0.9,2.1,-6.4,0,2024-25
Stephen Curry,GSW,ORL,2024-10-28,GSW @ ORL,L,31.9,37.3,20,37,0.541,1,6,0.167,3.0,7.9,2.5,0.6,2.7,15.8,0,2024-25
Stephen Curry,GSW,SAS,2024-10-31,GSW vs SAS,W,30.1,23.8,12,22,0.545,1,6,0.167,6.0,8.2,1.2,0.2,4.0,2.3,1,2024-25
Stephen Curry,GSW,LAL,2024-11-03,GSW @ LAL,W,32.2,29.3,15,31,0.484,1,3,0.333,12.6,7.6,1.8,0.4,2.8,9.6,0,2024-25
Stephen Curry,GSW,BOS,2024-11-06,GSW @ BOS,W,32.5,33.9,15,35,0.429,1,3,0.333,5.0,9.0,1.0,0.0,2.5,6.2,0,2024-25
Stephen Curry,GSW,NYK,2024-11-09,GSW vs NYK,W,29.8,22.8,11,21,0.524,1,4,0.25,2.2,7.2,1.4,0.7,1.9,-7.2,1,2024-25
Stephen Curry,GSW,PHI,2024-11-12,GSW vs PHI,W,31.6,20.3,8,19,0.421,1,3,0.333,2.9,7.5,1.1,0.3,3.2,9.1,1,2024-25
Stephen Curry,GSW,IND,2024-11-15,GSW vs IND,W,31.7,32.7,17,32,0.531,2,7,0.286,4.1,8.0,0.7,0.6,3.3,-6.4,1,2024-25
Stephen Curry,GSW,SAC,2024-11-18,GSW vs SAC,L,33.6,13.9,5,12,0.417,1,3,0.333,2.9,4.0,0.0,0.2,2.1,20.4,1,2024-25
Stephen Curry,GSW,TOR,2024-11-21,GSW @ TOR,L,31.8,31.7,15,34,0.441,1,3,0.333,11.0,7.0,0.1,0.6,2.3,1.4,0,2024-25
Stephen Curry,GSW,POR,2024-11-24,GSW vs POR,W,28.5,20.7,12,22,0.545,3,8,0.375,7.4,7.4,2.5,0.4,3.2,9.7,1,2024-25
Stephen Curry,GSW,OKC,2024-11-27,GSW vs OKC,W,35.4,26.1,11,27,0.407,1,3,0.333,6.9,7.0,0.6,0.3,3.1,-10.8,1,2024-25
Stephen Curry,GSW,PHX,2024-11-30,GSW vs PHX,L,30.0,30.7,12,30,0.4,3,8,0.375,6.6,10.6,0.0,0.0,3.2,1.4,1,2024-25
Stephen Curry,GSW,MIA,2024-12-03,GSW @ MIA,L,29.8,20.4,11,20,0.55,3,9,0.333,5.3,6.7,1.3,0.1,3.2,0.5,0,2024-25
Stephen Curry,GSW,CHI,2024-12-06,GSW @ CHI,W,31.6,24.0,13,26,0.5,1,3,0.333,0.0,4.5,0.0,0.2,2.5,16.4,0,2024-25
Stephen Curry,GSW,LAL,2024-12-09,GSW vs LAL,L,34.2,26.9,12,27,0.444,1,4,0.25,5.3,4.8,0.9,0.7,4.0,10.7,1,2024-25
Stephen Curry,GSW,PHI,2024-12-12,GSW vs PHI,L,30.5,22.7,8,20,0.4,2,7,0.286,9.9,6.9,1.3,0.0,1.6,-14.6,1,2024-25
Stephen Curry,GSW,IND,2024-12-15,GSW vs IND,L,35.7,15.3,7,15,0.467,1,4,0.25,3.8,8.8,2.3,0.0,1.7,-10.4,1,2024-25
Stephen Curry,GSW,OKC,2024-12-18,GSW vs OKC,W,29.0,17.5,6,15,0.4,1,5,0.2,8.6,8.7,0.8,0.3,2.1,-0.8,1,2024-25
Stephen Curry,GSW,DEN,2024-12-21,GSW @ DEN,L,30.3,24.8,12,27,0.444,2,6,0.333,1.7,4.5,0.0,0.8,2.6,-7.3,0,2024-25
Stephen Curry,GSW,MIN,2024-12-24,GSW @ MIN,L,32.5,16.0,7,16,0.438,0,2,0.0,7.4,6.6,2.0,0.0,1.3,7.1,0,2024-25
Stephen Curry,GSW,MIN,2024-12-27,GSW @ MIN,L,28.7,34.1,14,34,0.412,1,4,0.25,5.2,12.6,0.8,0.9,2.0,-10.2,0,2024-25
Stephen Curry,GSW,ORL,2024-12-30,GSW @ ORL,L,32.8,28.3,11,28,0.393,0,2,0.0,5.3,6.5,1.6,0.3,4.2,4.0,0,2024-25
Stephen Curry,GSW,ORL,2025-01-02,GSW vs ORL,W,28.2,30.1,15,28,0.536,1,4,0.25,1.6,11.3,1.5,1.0,3.0,0.8,1,2024-25
Stephen Curry,GSW,ORL,2025-01-05,GSW vs ORL,W,35.4,22.6,9,24,0.375,2,6,0.333,9.1,9.4,1.4,0.8,3.7,-1.1,1,2024-25
Stephen Curry,GSW,SAC,2025-01-08,GSW @ SAC,W,31.6,34.4,16,36,0.444,2,5,0.4,3.0,6.1,1.4,0.5,2.5,-7.7,0,2024-25
Stephen Curry,GSW,MIN,2025-01-11,GSW @ MIN,W,35.0,27.9,11,26,0.423,2,7,0.286,1.9,6.4,1.4,0.7,3.6,7.3,0,2024-25
Stephen Curry,GSW,ATL,2025-01-14,GSW @ ATL,L,33.0,24.4,10,25,0.4,0,3,0.0,3.0,4.8,0.6,0.0,3.5,2.2,0,2024-25
Stephen Curry,GSW,MIN,2025-01-17,GSW @ MIN,L,35.7,32.9,13,32,0.406,1,4,0.25,5.4,6.4,1.8,0.3,3.4,15.0,0,2024-25
Kevin Durant,PHX,SAC,2024-10-22,PHX vs SAC,L,30.7,31.2,13,32,0.406,1,5,0.2,1.6,10.4,1.1,1.0,1.7,2.7,1,2024-25
Kevin Durant,PHX,ATL,2024-10-25,PHX vs ATL,L,36.2,28.5,12,30,0.4,1,4,0.25,0.0,6.9,0.3,0.3,3.8,4.0,1,2024-25
Kevin Durant,PHX,CHA,2024-10-28,PHX vs CHA,L,30.5,30.6,14,28,0.5,1,4,0.25,6.4,5.1,1.3,0.5,1.0,-5.6,1,2024-25
Kevin Durant,PHX,ORL,2024-10-31,PHX vs ORL,W,32.7,35.4,19,36,0.528,1,3,0.333,9.0,7.2,1.8,0.0,3.7,2.6,1,2024-25
Kevin Durant,PHX,OKC,2024-11-03,PHX vs OKC,W,33.4,29.0,14,27,0.519,0,2,0.0,6.0,0.6,1.6,0.8,2.6,12.8,1,2024-25
Kevin Durant,PHX,CHA,2024-11-06,PHX @ CHA,L,36.7,24.1,11,22,0.5,0,2,0.0,10.2,4.4,1.2,0.3,3.4,-0.6,0,2024-25
Kevin Durant,PHX,DEN,2024-11-09,PHX vs DEN,W,29.2,20.9,11,21,0.524,1,6,0.167,2.4,4.7,1.2,0.5,3.6,2.2,1,2024-25
Kevin Durant,PHX,WAS,2024-11-12,PHX vs WAS,L,36.3,21.4,8,20,0.4,0,2,0.0,6.7,2.4,0.9,0.3,2.1,-6.4,1,2024-25
Kevin Durant,PHX,MIN,2024-11-15,PHX @ MIN,L,35.5,39.5,19,38,0.5,2,7,0.286,3.0,0.0,0.6,0.3,0.4,2.4,0,2024-25
Kevin Durant,PHX,NYK,2024-11-18,PHX vs NYK,L,30.5,21.2,11,21,0.524,1,3,0.333,7.7,4.1,2.5,0.8,3.8,4.1,1,2024-25
Kevin Durant,PHX,POR,2024-11-21,PHX vs POR,L,29.6,27.6,15,29,0.517,0,2,0.0,3.6,4.8,0.8,0.5,2.3,2.7,1,2024-25
Kevin Durant,PHX,ATL,2024-11-24,PHX @ ATL,W,30.3,31.7,16,31,0.516,2,7,0.286,2.7,2.5,1.0,0.1,1.3,4.2,0,2024-25
Kevin Durant,PHX,POR,2024-11-27,PHX vs POR,W,33.4,30.0,13,29,0.448,1,5,0.2,3.8,5.9,1.7,0.7,1.8,9.0,1,2024-25
Kevin Durant,PHX,TOR,2024-11-30,PHX @ TOR,W,36.5,23.0,12,25,0.48,1,4,0.25,9.7,3.8,0.8,1.3,0.8,-14.6,0,2024-25
Kevin Durant,PHX,SAC,2024-12-03,PHX vs SAC,W,30.7,32.2,17,30,0.567,3,9,0.333,8.9,3.7,1.6,0.0,4.5,10.2,1,2024-25
Kevin Durant,PHX,WAS,2024-12-06,PHX vs WAS,W,34.5,17.6,9,18,0.5,1,5,0.2,6.0,5.1,1.6,0.6,3.3,13.6,1,2024-25
Kevin Durant,PHX,CHA,2024-12-09,PHX @ CHA,W,32.8,35.9,17,34,0.5,1,5,0.2,6.5,3.9,0.2,0.5,1.7,9.7,0,2024-25
Kevin Durant,PHX,LAC,2024-12-12,PHX vs LAC,W,28.7,15.6,6,14,0.429,3,8,0.375,8.6,5.9,1.9,0.8,2.1,3.4,1,2024-25
Kevin Durant,PHX,HOU,2024-12-15,PHX @ HOU,W,36.8,23.1,11,21,0.524,1,3,0.333,2.7,4.5,0.5,0.9,3.2,-0.9,0,2024-25
Kevin Durant,PHX,NYK,2024-12-18,PHX vs NYK,L,28.3,26.1,9,24,0.375,2,9,0.222,8.8,5.4,1.0,1.6,3.3,18.8,1,2024-25
Kevin Durant,PHX,TOR,2024-12-21,PHX @ TOR,W,33.9,31.5,13,32,0.406,2,6,0.333,3.6,3.1,0.0,0.7,3.0,-1.5,0,2024-25
Kevin Durant,PHX,PHI,2024-12-24,PHX @ PHI,W,31.3,26.8,12,25,0.48,1,5,0.2,3.5,4.5,2.0,0.3,3.6,10.0,0,2024-25
Kevin Durant,PHX,MIL,2024-12-27,PHX @ MIL,L,32.4,24.1,12,26,0.462,2,5,0.4,8.1,3.6,1.8,0.7,0.6,14.8,0,2024-25
Kevin Durant,PHX,BOS,2024-12-30,PHX @ BOS,L,37.1,33.5,14,32,0.438,2,7,0.286,2.9,3.6,0.6,0.3,4.4,-10.2,0,2024-25
Kevin Durant,PHX,DET,2025-01-02,PHX @ DET,W,32.0,14.0,7,14,0.5,3,8,0.375,8.2,0.0,2.3,0.0,1.6,1.8,0,2024-25
Kevin Durant,PHX,WAS,2025-01-05,PHX @ WAS,L,29.5,31.4,14,33,0.424,1,4,0.25,2.8,0.7,2.2,0.0,3.1,-14.2,0,2024-25
Kevin Durant,PHX,POR,2025-01-08,PHX @ POR,W,33.4,24.9,11,26,0.423,0,3,0.0,8.3,0.9,1.6,0.5,1.4,-4.0,0,2024-25
Kevin Durant,PHX,CHI,2025-01-11,PHX vs CHI,W,31.2,24.7,15,27,0.556,2,8,0.25,0.0,4.7,0.5,0.4,2.6,4.0,1,2024-25
Kevin Durant,PHX,CHA,2025-01-14,PHX vs CHA,L,37.6,26.4,12,25,0.48,3,8,0.375,3.2,3.9,2.6,0.9,2.9,-0.6,1,2024-25
Kevin Durant,PHX,CLE,2025-01-17,PHX @ CLE,W,30.2,27.7,15,30,0.5,0,2,0.0,8.0,3.4,1.4,1.1,3.2,5.8,0,2024-25
Giannis Antetokounmpo,MIL,CLE,2024-10-22,MIL @ CLE,W,36.0,29.7,16,30,0.533,0,0,0.0,7.1,3.6,1.2,0.0,0.8,15.8,0,2024-25
Giannis Antetokounmpo,MIL,UTA,2024-10-25,MIL vs UTA,W,31.7,17.9,7,19,0.368,0,2,0.0,8.3,7.8,0.0,0.1,2.6,12.0,1,2024-25
Giannis Antetokounmpo,MIL,CHA,2024-10-28,MIL vs CHA,W,33.8,17.2,8,18,0.444,0,2,0.0,0.1,5.5,1.8,0.8,2.8,3.8,1,2024-25
Giannis Antetokounmpo,MIL,CHA,2024-10-31,MIL vs CHA,W,29.0,22.7,12,24,0.5,0,0,0.0,7.9,2.5,0.0,0.6,4.3,9.2,1,2024-25
Giannis Antetokounmpo,MIL,DEN,2024-11-03,MIL @ DEN,W,29.8,21.9,10,24,0.417,0,2,0.0,2.1,0.0,1.5,0.4,3.2,4.8,0,2024-25
Giannis Antetokounmpo,MIL,ATL,2024-11-06,MIL vs ATL,W,34.0,36.8,21,39,0.538,0,0,0.0,1.8,5.2,1.7,0.3,2.9,15.1,1,2024-25
Giannis Antetokounmpo,MIL,DEN,2024-11-09,MIL @ DEN,W,36.1,30.0,15,30,0.5,0,0,0.0,7.7,2.9,0.8,0.4,3.8,-7.5,0,2024-25
Giannis Antetokounmpo,MIL,BOS,2024-11-12,MIL @ BOS,L,34.4,21.5,8,19,0.421,0,0,0.0,3.7,2.3,2.4,0.9,0.3,-12.8,0,2024-25
Giannis Antetokounmpo,MIL,NYK,2024-11-15,MIL vs NYK,L,31.4,24.3,10,26,0.385,1,3,0.333,8.6,0.0,2.3,0.0,1.0,-5.2,1,2024-25
Giannis Antetokounmpo,MIL,HOU,2024-11-18,MIL vs HOU,L,34.4,27.3,13,26,0.5,1,3,0.333,8.7,1.0,2.4,0.6,1.7,2.6,1,2024-25
Giannis Antetokounmpo,MIL,DEN,2024-11-21,MIL vs DEN,W,33.4,16.5,7,14,0.5,1,3,0.333,6.9,6.7,1.6,0.0,2.1,12.7,1,2024-25
Giannis Antetokounmpo,MIL,PHI,2024-11-24,MIL @ PHI,W,35.6,19.8,9,18,0.5,1,3,0.333,1.8,1.8,0.7,0.3,2.6,8.7,0,2024-25
Giannis Antetokounmpo,MIL,DET,2024-11-27,MIL @ DET,L,37.2,25.8,13,26,0.5,1,3,0.333,12.5,4.2,1.1,0.9,2.2,5.1,0,2024-25
Giannis Antetokounmpo,MIL,DET,2024-11-30,MIL @ DET,L,32.0,20.4,8,19,0.421,0,2,0.0,5.2,4.4,1.0,0.5,5.5,0.6,0,2024-25
Giannis Antetokounmpo,MIL,WAS,2024-12-03,MIL @ WAS,W,31.7,20.8,9,23,0.391,0,0,0.0,4.1,4.6,0.5,0.8,1.9,-10.3,0,2024-25
Giannis Antetokounmpo,MIL,PHX,2024-12-06,MIL vs PHX,L,30.1,25.7,13,26,0.5,0,2,0.0,3.2,3.2,0.9,0.5,2.7,3.0,1,2024-25
Giannis Antetokounmpo,MIL,DAL,2024-12-09,MIL @ DAL,W,32.3,24.3,14,26,0.538,0,1,0.0,11.9,5.0,0.0,0.0,2.4,6.3,0,2024-25
Giannis Antetokounmpo,MIL,CHI,2024-12-12,MIL vs CHI,W,30.6,17.9,8,17,0.471,1,3,0.333,2.0,3.9,0.0,1.4,1.1,2.7,1,2024-25
Giannis Antetokounmpo,MIL,HOU,2024-12-15,MIL @ HOU,W,32.6,19.2,12,21,0.571,0,0,0.0,0.2,2.3,1.9,0.1,4.7,8.4,0,2024-25
Giannis Antetokounmpo,MIL,HOU,2024-12-18,MIL @ HOU,L,34.4,22.5,9,21,0.429,0,1,0.0,3.1,4.4,0.4,0.4,2.6,16.8,0,2024-25
Giannis Antetokounmpo,MIL,LAC,2024-12-21,MIL @ LAC,L,28.7,17.7,8,15,0.533,0,0,0.0,5.6,4.6,1.2,0.1,3.9,13.0,0,2024-25
Giannis Antetokounmpo,MIL,MEM,2024-12-24,MIL @ MEM,L,28.8,15.1,8,16,0.5,1,3,0.333,0.7,7.8,1.0,0.3,4.1,7.4,0,2024-25
Giannis Antetokounmpo,MIL,OKC,2024-12-27,MIL vs OKC,L,35.5,24.4,10,25,0.4,0,1,0.0,10.4,1.4,0.0,1.4,1.2,1.2,1,2024-25
Giannis Antetokounmpo,MIL,POR,2024-12-30,MIL vs POR,W,36.2,20.9,8,19,0.421,0,2,0.0,4.3,8.0,1.5,0.8,3.3,12.4,1,2024-25
Giannis Antetokounmpo,MIL,TOR,2025-01-02,MIL @ TOR,L,35.3,31.4,17,31,0.548,0,2,0.0,4.7,5.2,1.7,1.6,3.8,-12.2,0,2024-25
Giannis Antetokounmpo,MIL,WAS,2025-01-05,MIL @ WAS,L,34.4,30.5,13,32,0.406,0,1,0.0,6.8,5.9,1.0,0.7,2.8,1.4,0,2024-25
Giannis Antetokounmpo,MIL,UTA,2025-01-08,MIL @ UTA,W,34.9,30.1,15,32,0.469,0,3,0.0,8.6,2.0,1.7,0.3,3.0,-4.1,0,2024-25
Giannis Antetokounmpo,MIL,POR,2025-01-11,MIL vs POR,W,31.7,30.2,16,32,0.5,0,1,0.0,0.0,7.6,2.4,0.0,3.9,-1.6,1,2024-25
Giannis Antetokounmpo,MIL,SAC,2025-01-14,MIL vs SAC,L,33.8,22.5,11,23,0.478,0,1,0.0,5.6,8.0,2.3,0.0,3.0,11.5,1,2024-25
Giannis Antetokounmpo,MIL,CHA,2025-01-17,MIL vs CHA,L,33.2,32.9,14,35,0.4,0,2,0.0,3.1,0.7,1.7,0.8,1.4,-1.3,1,2024-25
Nikola Jokic,DEN,DET,2024-10-22,DEN @ DET,L,37.5,23.9,11,26,0.423,0,0,0.0,9.6,5.3,0.6,1.8,4.5,6.4,0,2024-25
Nikola Jokic,DEN,SAS,2024-10-25,DEN @ SAS,W,30.3,30.7,18,33,0.545,0,0,0.0,9.1,3.7,1.8,1.7,2.6,4.2,0,2024-25
Nikola Jokic,DEN,NOP,2024-10-28,DEN @ NOP,W,37.2,20.1,10,18,0.556,0,1,0.0,4.0,1.6,0.5,0.5,0.2,-0.8,0,2024-25
Nikola Jokic,DEN,MIL,2024-10-31,DEN @ MIL,L,34.2,21.5,8,21,0.381,1,3,0.333,6.5,4.3,1.8,0.6,1.2,4.1,0,2024-25
Nikola Jokic,DEN,CHA,2024-11-03,DEN @ CHA,L,32.9,31.8,15,34,0.441,0,2,0.0,10.8,2.6,0.5,1.2,2.3,-3.6,0,2024-25
Nikola Jokic,DEN,LAL,2024-11-06,DEN vs LAL,L,30.3,31.1,16,32,0.5,0,0,0.0,13.5,6.4,1.6,0.8,1.2,1.3,1,2024-25
Nikola Jokic,DEN,UTA,2024-11-09,DEN @ UTA,W,35.5,18.9,8,20,0.4,0,3,0.0,10.4,4.2,1.2,1.0,4.2,9.7,0,2024-25
Nikola Jokic,DEN,MIL,2024-11-12,DEN @ MIL,W,28.2,27.1,15,29,0.517,1,3,0.333,6.1,0.1,1.8,1.0,2.3,28.5,0,2024-25
Nikola Jokic,DEN,DET,2024-11-15,DEN vs DET,L,37.6,34.7,17,36,0.472,1,3,0.333,5.3,2.0,1.9,1.5,0.8,-19.1,1,2024-25
Nikola Jokic,DEN,GSW,2024-11-18,DEN vs GSW,L,31.6,30.8,13,31,0.419,1,3,0.333,5.7,4.2,2.1,0.6,1.8,10.6,1,2024-25
Nikola Jokic,DEN,CLE,2024-11-21,DEN @ CLE,W,31.2,31.4,13,29,0.448,0,2,0.0,5.4,1.7,2.0,0.6,2.9,-1.8,0,2024-25
Nikola Jokic,DEN,DET,2024-11-24,DEN @ DET,W,31.8,22.0,9,22,0.409,0,0,0.0,7.8,5.8,0.4,0.6,2.7,3.9,0,2024-25
Nikola Jokic,DEN,OKC,2024-11-27,DEN vs OKC,W,32.2,20.6,8,19,0.421,0,2,0.0,5.6,1.1,2.6,1.8,3.1,6.4,1,2024-25
Nikola Jokic,DEN,LAL,2024-11-30,DEN @ LAL,W,29.1,29.9,15,30,0.5,1,3,0.333,8.4,1.5,1.0,0.7,2.1,6.5,0,2024-25
Nikola Jokic,DEN,CHA,2024-12-03,DEN vs CHA,W,37.0,34.5,17,32,0.531,0,2,0.0,5.5,4.7,1.7,0.8,1.1,-7.5,1,2024-25
Nikola Jokic,DEN,BOS,2024-12-06,DEN vs BOS,L,29.1,29.4,12,30,0.4,1,3,0.333,6.3,5.1,0.9,1.4,2.7,5.5,1,2024-25
Nikola Jokic,DEN,DET,2024-12-09,DEN vs DET,W,36.3,27.7,14,29,0.483,0,3,0.0,10.3,4.9,2.5,0.9,2.1,2.8,1,2024-25
Nikola Jokic,DEN,NYK,2024-12-12,DEN vs NYK,W,31.0,20.9,7,19,0.368,1,3,0.333,5.9,6.0,1.6,2.1,1.9,9.4,1,2024-25
Nikola Jokic,DEN,NYK,2024-12-15,DEN @ NYK,W,30.5,36.5,19,38,0.5,0,0,0.0,9.6,2.7,1.2,0.7,2.8,2.4,0,2024-25
Nikola Jokic,DEN,SAS,2024-12-18,DEN @ SAS,W,29.7,23.8,13,26,0.5,1,3,0.333,11.2,6.8,0.9,0.7,1.4,-4.4,0,2024-25
Nikola Jokic,DEN,NOP,2024-12-21,DEN vs NOP,W,28.0,25.4,13,27,0.481,0,1,0.0,6.4,3.5,0.1,0.3,0.0,-1.5,1,2024-25
Nikola Jokic,DEN,DET,2024-12-24,DEN @ DET,W,33.4,35.4,13,33,0.394,0,1,0.0,5.5,5.9,0.0,0.3,1.9,-7.7,0,2024-25
Nikola Jokic,DEN,NOP,2024-12-27,DEN vs NOP,L,33.3,32.8,16,33,0.485,0,0,0.0,5.3,3.3,1.3,1.4,2.4,0.0,1,2024-25
Nikola Jokic,DEN,MEM,2024-12-30,DEN @ MEM,W,30.6,22.9,11,25,0.44,0,0,0.0,9.4,5.3,1.8,0.4,3.2,11.7,0,2024-25
Nikola Jokic,DEN,IND,2025-01-02,DEN @ IND,L,31.2,24.9,13,23,0.565,0,2,0.0,9.6,6.0,1.4,1.0,5.6,0.6,0,2024-25
Nikola Jokic,DEN,CHA,2025-01-05,DEN @ CHA,W,36.3,24.2,9,23,0.391,0,1,0.0,4.5,3.7,1.8,0.9,1.8,7.9,0,2024-25
Nikola Jokic,DEN,POR,2025-01-08,DEN vs POR,W,32.0,23.1,11,25,0.44,0,0,0.0,6.0,0.5,1.5,0.5,0.0,15.0,1,2024-25
Nikola Jokic,DEN,NYK,2025-01-11,DEN @ NYK,L,31.7,20.0,9,21,0.429,1,3,0.333,6.2,1.0,0.5,0.8,2.6,1.7,0,2024-25
Nikola Jokic,DEN,NYK,2025-01-14,DEN vs NYK,W,34.8,12.3,6,14,0.429,0,3,0.0,4.6,3.9,1.4,0.6,3.0,-0.8,1,2024-25
Nikola Jokic,DEN,NYK,2025-01-17,DEN vs NYK,W,28.4,23.3,10,23,0.435,0,1,0.0,4.5,2.9,0.4,1.0,2.0,11.6,1,2024-25
Luka Doncic,DAL,BOS,2024-10-22,DAL vs BOS,W,28.9,24.3,13,24,0.542,1,5,0.2,5.5,7.0,1.5,0.0,2.6,8.3,1,2024-25
Luka Doncic,DAL,GSW,2024-10-25,DAL @ GSW,L,29.8,26.0,12,28,0.429,1,5,0.2,5.5,10.2,1.4,0.0,1.9,7.5,0,2024-25
Luka Doncic,DAL,BOS,2024-10-28,DAL @ BOS,L,32.6,26.5,11,28,0.393,2,6,0.333,3.1,3.2,1.4,0.5,4.6,0.1,0,2024-25
Luka Doncic,DAL,DET,2024-10-31,DAL vs DET,L,37.4,31.4,16,29,0.552,1,3,0.333,8.4,6.9,0.0,1.0,1.4,-2.2,1,2024-25
Luka Doncic,DAL,IND,2024-11-03,DAL vs IND,W,36.7,36.0,17,36,0.472,1,4,0.25,4.2,10.2,1.5,0.5,2.5,-8.1,1,2024-25
Luka Doncic,DAL,PHX,2024-11-06,DAL vs PHX,L,33.1,28.1,17,30,0.567,3,9,0.333,5.2,9.7,2.2,1.1,1.9,11.1,1,2024-25
Luka Doncic,DAL,UTA,2024-11-09,DAL @ UTA,L,28.1,16.0,6,14,0.429,2,6,0.333,7.6,8.1,0.8,0.7,3.9,7.7,0,2024-25
Luka Doncic,DAL,MEM,2024-11-12,DAL vs MEM,W,28.8,26.6,12,27,0.444,2,7,0.286,11.3,9.0,2.4,0.7,3.0,9.3,1,2024-25
Luka Doncic,DAL,GSW,2024-11-15,DAL @ GSW,L,35.1,16.7,9,17,0.529,1,4,0.25,4.8,6.6,1.7,0.3,3.3,-9.3,0,2024-25
Luka Doncic,DAL,CHA,2024-11-18,DAL vs CHA,W,31.6,25.9,12,24,0.5,3,8,0.375,0.0,7.5,2.5,1.0,2.8,-0.9,1,2024-25
Luka Doncic,DAL,HOU,2024-11-21,DAL @ HOU,W,33.2,30.5,18,32,0.562,2,9,0.222,9.1,2.4,1.2,0.6,1.4,-2.0,0,2024-25
Luka Doncic,DAL,PHX,2024-11-24,DAL vs PHX,L,36.4,18.9,7,17,0.412,2,5,0.4,3.0,6.2,0.3,0.0,1.9,10.0,1,2024-25
Luka Doncic,DAL,IND,2024-11-27,DAL vs IND,L,37.6,23.2,10,25,0.4,2,8,0.25,7.3,10.9,0.3,0.7,1.5,4.5,1,2024-25
Luka Doncic,DAL,MIN,2024-11-30,DAL @ MIN,W,31.0,28.1,14,30,0.467,1,4,0.25,4.6,5.9,1.2,0.7,0.8,-15.4,0,2024-25
Luka Doncic,DAL,CLE,2024-12-03,DAL vs CLE,L,36.5,28.1,13,26,0.5,1,4,0.25,4.0,9.9,1.6,0.7,2.3,6.0,1,2024-25
Luka Doncic,DAL,MIA,2024-12-06,DAL vs MIA,W,32.7,25.2,12,23,0.522,1,5,0.2,8.0,8.3,1.4,1.1,2.9,-2.1,1,2024-25
Luka Doncic,DAL,PHX,2024-12-09,DAL @ PHX,W,28.3,30.4,14,30,0.467,0,2,0.0,5.2,9.3,0.5,1.1,1.8,-10.6,0,2024-25
Luka Doncic,DAL,HOU,2024-12-12,DAL @ HOU,L,33.8,28.7,15,28,0.536,2,7,0.286,4.2,3.8,0.4,0.0,1.5,8.8,0,2024-25
Luka Doncic,DAL,MIA,2024-12-15,DAL @ MIA,L,36.8,28.3,11,28,0.393,1,4,0.25,11.0,3.1,1.8,0.2,2.0,5.4,0,2024-25
Luka Doncic,DAL,GSW,2024-12-18,DAL @ GSW,W,28.6,26.9,11,28,0.393,1,3,0.333,5.6,3.0,2.1,1.1,4.3,5.6,0,2024-25
Luka Doncic,DAL,OKC,2024-12-21,DAL @ OKC,L,37.8,22.1,10,23,0.435,1,5,0.2,2.2,10.1,0.6,0.0,2.6,11.9,0,2024-25
Luka Doncic,DAL,DET,2024-12-24,DAL @ DET,W,28.4,25.7,13,24,0.542,1,4,0.25,6.4,6.6,1.3,0.6,0.9,4.5,0,2024-25
Luka Doncic,DAL,BOS,2024-12-27,DAL @ BOS,L,34.7,33.9,18,32,0.562,2,6,0.333,4.9,11.0,0.4,0.5,1.5,-17.7,0,2024-25
Luka Doncic,DAL,UTA,2024-12-30,DAL @ UTA,W,32.4,21.4,9,21,0.429,2,7,0.286,6.3,7.0,0.8,0.6,4.7,1.5,0,2024-25
Luka Doncic,DAL,LAL,2025-01-02,DAL vs LAL,W,35.7,28.3,11,29,0.379,1,3,0.333,1.4,9.2,0.0,0.2,3.1,14.1,1,2024-25
Luka Doncic,DAL,CHI,2025-01-05,DAL vs CHI,W,36.9,23.9,10,26,0.385,0,2,0.0,15.5,3.3,2.8,0.2,2.4,-2.4,1,2024-25
Luka Doncic,DAL,MIN,2025-01-08,DAL @ MIN,L,32.2,36.9,15,35,0.429,1,3,0.333,0.0,8.2,1.7,0.6,1.5,0.1,0,2024-25
Luka Doncic,DAL,POR,2025-01-11,DAL vs POR,L,31.3,18.1,8,18,0.444,1,5,0.2,9.3,5.7,0.2,0.5,1.5,-5.2,1,2024-25
Luka Doncic,DAL,CLE,2025-01-14,DAL @ CLE,W,36.8,21.3,9,19,0.474,3,9,0.333,2.2,5.4,2.0,0.4,4.1,-1.8,0,2024-25
Luka Doncic,DAL,LAC,2025-01-17,DAL vs LAC,L,33.5,23.3,8,21,0.381,0,2,0.0,9.1,4.9,0.8,0.1,2.5,1.2,1,2024-25
Joel Embiid,PHI,TOR,2024-10-22,PHI vs TOR,W,34.4,25.1,12,23,0.522,0,2,0.0,4.3,1.9,0.6,0.8,1.5,8.6,1,2024-25
Joel Embiid,PHI,MEM,2024-10-25,PHI vs MEM,L,32.1,20.3,10,19,0.526,0,2,0.0,1.8,4.3,1.0,2.2,3.1,1.8,1,2024-25
Joel Embiid,PHI,CHI,2024-10-28,PHI vs CHI,W,29.7,28.7,15,27,0.556,0,3,0.0,9.9,3.3,1.4,0.9,2.4,8.1,1,2024-25
Joel Embiid,PHI,MIN,2024-10-31,PHI vs MIN,L,34.7,24.3,14,26,0.538,0,0,0.0,10.9,0.0,1.8,0.9,2.8,0.4,1,2024-25
Joel Embiid,PHI,GSW,2024-11-03,PHI vs GSW,L,35.1,19.6,9,17,0.529,0,2,0.0,15.8,3.5,0.0,1.2,2.1,7.6,1,2024-25
Joel Embiid,PHI,GSW,2024-11-06,PHI @ GSW,W,33.0,33.5,18,33,0.545,0,2,0.0,7.2,2.4,0.5,0.4,4.0,-9.1,0,2024-25
Joel Embiid,PHI,UTA,2024-11-09,PHI @ UTA,L,34.9,21.5,9,23,0.391,0,1,0.0,1.9,4.4,1.6,1.6,4.2,0.1,0,2024-25
Joel Embiid,PHI,POR,2024-11-12,PHI @ POR,W,30.8,16.6,8,15,0.533,0,3,0.0,3.0,4.2,2.3,0.7,1.7,16.6,0,2024-25
Joel Embiid,PHI,MIA,2024-11-15,PHI vs MIA,L,30.7,21.4,10,22,0.455,0,1,0.0,2.7,2.2,1.3,0.7,2.2,16.4,1,2024-25
Joel Embiid,PHI,CHA,2024-11-18,PHI @ CHA,W,31.7,33.2,17,33,0.515,0,0,0.0,9.3,10.3,2.7,0.5,0.8,14.4,0,2024-25
Joel Embiid,PHI,LAL,2024-11-21,PHI vs LAL,L,37.4,23.7,10,22,0.455,0,0,0.0,9.2,1.9,1.7,1.0,5.0,-3.7,1,2024-25
Joel Embiid,PHI,CHA,2024-11-24,PHI vs CHA,W,36.6,34.0,16,35,0.457,0,0,0.0,12.9,5.3,0.5,1.3,3.8,7.1,1,2024-25
Joel Embiid,PHI,DET,2024-11-27,PHI vs DET,W,30.2,14.5,6,12,0.5,0,1,0.0,1.4,5.9,1.0,0.9,0.0,10.3,1,2024-25
Joel Embiid,PHI,PHX,2024-11-30,PHI vs PHX,L,37.9,18.8,10,19,0.526,0,0,0.0,10.2,9.9,0.6,0.3,2.9,8.8,1,2024-25
Joel Embiid,PHI,CHA,2024-12-03,PHI @ CHA,W,32.3,30.1,15,31,0.484,0,2,0.0,3.9,2.8,0.0,0.7,2.5,9.3,0,2024-25
Joel Embiid,PHI,SAC,2024-12-06,PHI vs SAC,W,34.6,23.7,11,21,0.524,0,0,0.0,9.4,4.9,1.6,1.5,2.1,-1.9,1,2024-25
Joel Embiid,PHI,HOU,2024-12-09,PHI vs HOU,W,31.5,16.6,9,17,0.529,0,0,0.0,8.6,1.1,0.2,1.4,2.5,11.5,1,2024-25
Joel Embiid,PHI,TOR,2024-12-12,PHI vs TOR,W,34.8,21.5,8,19,0.421,1,3,0.333,13.2,1.2,1.5,0.5,3.2,-4.3,1,2024-25
Joel Embiid,PHI,SAC,2024-12-15,PHI vs SAC,L,29.6,20.8,8,19,0.421,0,1,0.0,12.2,3.3,1.5,0.6,2.2,3.8,1,2024-25
Joel Embiid,PHI,CLE,2024-12-18,PHI vs CLE,L,31.9,12.7,5,12,0.417,0,1,0.0,10.1,9.2,0.1,0.1,4.7,6.1,1,2024-25
Joel Embiid,PHI,LAL,2024-12-21,PHI vs LAL,W,34.3,29.1,16,31,0.516,0,0,0.0,6.3,1.8,0.9,0.5,3.3,9.9,1,2024-25
Joel Embiid,PHI,MIN,2024-12-24,PHI vs MIN,L,28.2,22.9,11,21,0.524,0,2,0.0,13.1,6.4,0.4,1.4,4.0,4.1,1,2024-25
Joel Embiid,PHI,OKC,2024-12-27,PHI vs OKC,W,32.5,29.2,15,29,0.517,0,0,0.0,5.1,2.0,1.2,1.6,2.0,2.7,1,2024-25
Joel Embiid,PHI,TOR,2024-12-30,PHI @ TOR,W,33.4,23.7,13,24,0.542,1,3,0.333,6.4,2.3,1.0,1.7,1.2,-2.5,0,2024-25
Joel Embiid,PHI,MEM,2025-01-02,PHI vs MEM,L,28.5,22.1,12,22,0.545,0,1,0.0,2.8,3.5,2.7,1.1,4.3,14.2,1,2024-25
Joel Embiid,PHI,DAL,2025-01-05,PHI @ DAL,L,29.4,26.9,12,29,0.414,1,3,0.333,5.7,2.8,1.4,1.2,2.7,5.5,0,2024-25
Joel Embiid,PHI,OKC,2025-01-08,PHI @ OKC,L,31.1,36.3,20,38,0.526,0,1,0.0,7.8,0.9,1.4,1.5,2.8,6.2,0,2024-25
Joel Embiid,PHI,OKC,2025-01-11,PHI vs OKC,W,29.3,28.8,15,29,0.517,0,1,0.0,11.7,0.0,2.7,1.3,1.5,8.9,1,2024-25
Joel Embiid,PHI,HOU,2025-01-14,PHI vs HOU,W,30.6,29.6,16,31,0.516,1,3,0.333,2.9,5.8,1.8,0.8,1.9,-10.6,1,2024-25
Joel Embiid,PHI,BOS,2025-01-17,PHI vs BOS,W,28.4,24.8,12,24,0.5,0,0,0.0,6.0,5.8,1.4,1.2,3.1,-9.3,1,2024-25
Jayson Tatum,BOS,OKC,2024-10-22,BOS vs OKC,L,36.1,36.6,14,36,0.389,1,4,0.25,2.6,3.8,0.8,1.0,1.8,-11.5,1,2024-25
Jayson Tatum,BOS,MIL,2024-10-25,BOS @ MIL,L,35.6,20.8,10,20,0.5,1,5,0.2,6.2,6.7,2.6,0.9,2.8,11.4,0,2024-25
Jayson Tatum,BOS,WAS,2024-10-28,BOS vs WAS,L,31.9,35.7,18,37,0.486,3,8,0.375,3.5,3.5,1.6,0.0,2.7,11.9,1,2024-25
Jayson Tatum,BOS,UTA,2024-10-31,BOS @ UTA,L,32.5,20.9,9,20,0.45,2,7,0.286,10.9,4.0,1.9,1.1,1.6,-0.9,0,2024-25
Jayson Tatum,BOS,DEN,2024-11-03,BOS vs DEN,W,34.7,18.9,11,21,0.524,0,3,0.0,10.5,5.3,2.1,0.8,3.1,-4.8,1,2024-25
Jayson Tatum,BOS,LAC,2024-11-06,BOS @ LAC,L,30.8,38.3,16,39,0.41,1,4,0.25,3.6,3.6,1.1,0.2,2.7,-3.1,0,2024-25
Jayson Tatum,BOS,OKC,2024-11-09,BOS @ OKC,L,36.9,28.9,15,29,0.517,3,9,0.333,4.0,3.4,1.0,0.7,1.3,16.0,0,2024-25
Jayson Tatum,BOS,CHA,2024-11-12,BOS @ CHA,W,31.5,25.4,15,27,0.556,0,2,0.0,4.0,5.6,2.2,0.5,1.1,0.6,0,2024-25
Jayson Tatum,BOS,ORL,2024-11-15,BOS @ ORL,L,33.3,30.7,17,33,0.515,2,9,0.222,2.7,5.4,0.3,0.2,3.8,-7.8,0,2024-25
Jayson Tatum,BOS,OKC,2024-11-18,BOS @ OKC,W,35.8,26.6,13,25,0.52,1,4,0.25,3.9,4.8,1.3,1.7,2.9,-5.0,0,2024-25
Jayson Tatum,BOS,SAC,2024-11-21,BOS vs SAC,W,35.2,24.0,12,26,0.462,0,2,0.0,5.6,5.6,0.0,0.5,1.3,3.1,1,2024-25
Jayson Tatum,BOS,NOP,2024-11-24,BOS vs NOP,L,34.9,24.4,11,25,0.44,1,4,0.25,6.1,2.2,1.5,0.0,2.6,13.8,1,2024-25
Jayson Tatum,BOS,HOU,2024-11-27,BOS @ HOU,L,37.3,31.8,17,34,0.5,2,7,0.286,4.8,3.5,1.4,0.4,3.9,9.8,0,2024-25
Jayson Tatum,BOS,PHI,2024-11-30,BOS @ PHI,W,31.7,25.0,14,25,0.56,2,9,0.222,8.5,4.5,0.8,0.6,1.2,8.5,0,2024-25
Jayson Tatum,BOS,OKC,2024-12-03,BOS @ OKC,L,34.3,22.7,10,24,0.417,1,5,0.2,6.1,2.2,1.0,0.8,2.5,-2.2,0,2024-25
Jayson Tatum,BOS,DAL,2024-12-06,BOS vs DAL,L,35.6,21.6,10,20,0.5,3,8,0.375,8.5,3.1,0.8,0.0,5.4,4.8,1,2024-25
Jayson Tatum,BOS,ATL,2024-12-09,BOS @ ATL,L,36.4,16.7,7,14,0.5,1,4,0.25,10.2,2.6,1.4,0.0,3.4,-0.3,0,2024-25
Jayson Tatum,BOS,SAS,2024-12-12,BOS vs SAS,W,34.5,21.4,8,19,0.421,2,6,0.333,0.7,1.4,0.9,1.2,2.2,-0.7,1,2024-25
Jayson Tatum,BOS,POR,2024-12-15,BOS vs POR,W,34.5,27.5,15,28,0.536,3,8,0.375,10.1,0.0,1.3,0.3,3.3,18.5,1,2024-25
Jayson Tatum,BOS,DEN,2024-12-18,BOS vs DEN,L,35.9,22.2,10,23,0.435,2,9,0.222,5.1,4.6,0.2,0.3,1.9,-2.1,1,2024-25
Jayson Tatum,BOS,POR,2024-12-21,BOS vs POR,W,30.5,31.9,17,31,0.548,2,5,0.4,0.0,6.2,1.3,0.7,3.3,8.1,1,2024-25
Jayson Tatum,BOS,GSW,2024-12-24,BOS vs GSW,W,37.0,25.9,12,27,0.444,2,8,0.25,10.0,2.9,1.3,0.7,2.8,5.0,1,2024-25
Jayson Tatum,BOS,WAS,2024-12-27,BOS vs WAS,L,29.4,20.9,8,19,0.421,0,2,0.0,5.4,3.0,1.1,0.0,2.7,3.5,1,2024-25
Jayson Tatum,BOS,MEM,2024-12-30,BOS @ MEM,L,37.4,30.2,16,30,0.533,1,6,0.167,4.4,2.4,1.3,0.0,2.9,1.2,0,2024-25
Jayson Tatum,BOS,MEM,2025-01-02,BOS @ MEM,W,36.7,25.2,13,27,0.481,3,8,0.375,6.4,2.9,0.1,0.1,3.4,3.2,0,2024-25
Jayson Tatum,BOS,PHX,2025-01-05,BOS vs PHX,W,29.4,24.2,10,23,0.435,2,6,0.333,3.5,5.1,1.3,0.1,2.8,0.7,1,2024-25
Jayson Tatum,BOS,LAC,2025-01-08,BOS @ LAC,W,33.8,24.7,12,27,0.444,0,2,0.0,4.2,2.7,1.4,1.3,0.8,1.6,0,2024-25
Jayson Tatum,BOS,CHI,2025-01-11,BOS @ CHI,L,31.3,28.3,13,26,0.5,1,6,0.167,5.2,0.0,1.9,1.1,3.4,-5.7,0,2024-25
Jayson Tatum,BOS,MIA,2025-01-14,BOS @ MIA,L,37.6,26.1,12,26,0.462,2,6,0.333,4.6,0.0,1.4,0.0,1.4,-0.7,0,2024-25
Jayson Tatum,BOS,DEN,2025-01-17,BOS vs DEN,W,33.2,21.3,10,20,0.5,2,7,0.286,7.7,2.8,1.2,0.1,0.7,-5.0,1,2024-25
Damian Lillard,MIL,ATL,2024-10-22,MIL @ ATL,L,35.3,22.5,12,22,0.545,3,8,0.375,10.5,10.0,1.3,0.0,1.2,1.5,0,2024-25
Damian Lillard,MIL,MEM,2024-10-25,MIL @ MEM,W,31.1,26.4,11,27,0.407,2,9,0.222,9.5,5.3,2.1,0.0,4.1,-0.8,0,2024-25
Damian Lillard,MIL,CHI,2024-10-28,MIL @ CHI,W,34.9,25.0,10,23,0.435,0,2,0.0,8.2,3.8,1.6,0.6,0.3,-6.3,0,2024-25
Damian Lillard,MIL,OKC,2024-10-31,MIL vs OKC,W,37.0,27.5,13,25,0.52,2,7,0.286,1.6,7.9,0.9,0.1,1.8,2.2,1,2024-25
Damian Lillard,MIL,MIN,2024-11-03,MIL vs MIN,W,28.1,23.8,11,25,0.44,2,8,0.25,3.8,2.7,2.2,0.4,3.0,10.6,1,2024-25
Damian Lillard,MIL,DAL,2024-11-06,MIL vs DAL,W,33.5,19.2,9,20,0.45,2,7,0.286,2.9,4.3,0.9,0.3,2.7,-1.0,1,2024-25
Damian Lillard,MIL,SAC,2024-11-09,MIL @ SAC,L,35.6,26.0,12,28,0.429,1,5,0.2,6.1,3.4,1.4,0.1,1.4,3.8,0,2024-25
Damian Lillard,MIL,DEN,2024-11-12,MIL @ DEN,W,34.8,27.2,15,29,0.517,2,7,0.286,2.2,8.5,0.3,0.8,1.3,-3.0,0,2024-25
Damian Lillard,MIL,PHI,2024-11-15,MIL @ PHI,L,36.2,29.5,11,28,0.393,3,8,0.375,7.9,10.5,0.4,0.2,2.3,7.8,0,2024-25
Damian Lillard,MIL,WAS,2024-11-18,MIL vs WAS,L,32.7,26.5,11,25,0.44,1,3,0.333,7.1,2.3,0.9,0.6,2.7,6.4,1,2024-25
Damian Lillard,MIL,SAC,2024-11-21,MIL vs SAC,L,30.5,31.6,13,32,0.406,0,3,0.0,2.8,8.7,1.2,1.0,1.0,-7.0,1,2024-25
Damian Lillard,MIL,LAC,2024-11-24,MIL @ LAC,L,35.0,22.8,12,23,0.522,0,3,0.0,0.2,11.2,2.0,0.6,2.4,12.8,0,2024-25
Damian Lillard,MIL,SAS,2024-11-27,MIL @ SAS,L,36.1,37.3,14,36,0.389,1,5,0.2,4.6,8.8,0.0,0.6,2.9,4.1,0,2024-25
Damian Lillard,MIL,TOR,2024-11-30,MIL @ TOR,W,37.9,28.5,11,26,0.423,2,6,0.333,4.7,7.6,1.7,0.0,4.0,16.9,0,2024-25
Damian Lillard,MIL,PHI,2024-12-03,MIL @ PHI,W,31.4,25.2,14,26,0.538,3,7,0.429,10.8,5.1,1.4,1.2,1.7,-0.0,0,2024-25
Damian Lillard,MIL,BOS,2024-12-06,MIL vs BOS,W,29.5,26.9,16,29,0.552,1,4,0.25,9.0,7.6,2.3,0.0,2.0,-16.3,1,2024-25
Damian Lillard,MIL,NYK,2024-12-09,MIL vs NYK,W,36.7,37.5,20,37,0.541,1,4,0.25,0.0,4.0,0.4,1.2,1.4,-6.2,1,2024-25
Damian Lillard,MIL,BOS,2024-12-12,MIL @ BOS,L,33.8,24.3,12,25,0.48,2,5,0.4,5.0,9.7,1.7,1.1,1.9,-10.9,0,2024-25
Damian Lillard,MIL,TOR,2024-12-15,MIL vs TOR,W,33.9,20.5,11,21,0.524,2,9,0.222,2.1,7.5,0.6,0.0,2.8,11.8,1,2024-25
Damian Lillard,MIL,NYK,2024-12-18,MIL vs NYK,W,30.5,29.6,13,27,0.481,0,2,0.0,1.7,7.3,1.9,0.8,3.1,1.6,1,2024-25
Damian Lillard,MIL,CHA,2024-12-21,MIL @ CHA,W,34.8,33.4,15,32,0.469,2,7,0.286,5.6,5.4,1.9,0.0,3.6,1.9,0,2024-25
Damian Lillard,MIL,CLE,2024-12-24,MIL @ CLE,W,33.0,24.2,11,24,0.458,3,7,0.429,4.6,9.7,2.3,1.1,0.0,-4.5,0,2024-25
Damian Lillard,MIL,UTA,2024-12-27,MIL @ UTA,L,29.8,27.0,12,25,0.48,1,6,0.167,3.9,6.0,1.7,0.6,1.4,3.9,0,2024-25
Damian Lillard,MIL,DEN,2024-12-30,MIL vs DEN,L,31.6,16.9,9,19,0.474,1,6,0.167,5.8,2.4,1.8,1.2,2.2,0.7,1,2024-25
Damian Lillard,MIL,BOS,2025-01-02,MIL vs BOS,L,33.2,35.7,16,35,0.457,0,2,0.0,0.4,6.9,0.6,0.9,3.0,-2.7,1,2024-25
Damian Lillard,MIL,LAL,2025-01-05,MIL vs LAL,L,37.7,33.8,16,36,0.444,1,5,0.2,6.3,0.7,1.7,0.5,2.2,19.4,1,2024-25
Damian Lillard,MIL,TOR,2025-01-08,MIL @ TOR,W,29.3,15.9,7,15,0.467,1,6,0.167,7.5,6.4,1.0,1.2,2.2,0.9,0,2024-25
Damian Lillard,MIL,DEN,2025-01-11,MIL vs DEN,W,28.7,19.6,9,18,0.5,2,7,0.286,4.1,6.9,1.6,0.2,2.1,-6.4,1,2024-25
Damian Lillard,MIL,MIN,2025-01-14,MIL vs MIN,L,35.9,20.0,10,22,0.455,1,3,0.333,6.3,10.6,0.2,0.0,3.5,-10.3,1,2024-25
Damian Lillard,MIL,WAS,2025-01-17,MIL vs WAS,W,30.7,36.1,14,35,0.4,1,5,0.2,5.1,5.9,1.3,0.4,1.7,-3.4,1,2024-25
Anthony Davis,LAL,DAL,2024-10-22,LAL vs DAL,L,31.3,18.3,6,16,0.375,1,3,0.333,11.1,5.6,1.7,0.5,3.1,4.3,1,2024-25
Anthony Davis,LAL,UTA,2024-10-25,LAL @ UTA,W,28.9,29.5,12,30,0.4,0,3,0.0,6.5,3.0,0.9,1.7,3.6,17.6,0,2024-25
Anthony Davis,LAL,UTA,2024-10-28,LAL @ UTA,W,37.6,18.8,9,21,0.429,0,0,0.0,8.5,0.8,1.6,0.5,2.8,11.9,0,2024-25
Anthony Davis,LAL,IND,2024-10-31,LAL vs IND,W,36.4,24.4,13,26,0.5,0,1,0.0,5.5,0.6,1.4,1.0,3.1,-1.3,1,2024-25
Anthony Davis,LAL,SAC,2024-11-03,LAL @ SAC,W,36.0,28.7,13,31,0.419,0,0,0.0,7.8,3.4,0.5,0.0,3.8,4.3,0,2024-25
Anthony Davis,LAL,OKC,2024-11-06,LAL vs OKC,L,29.3,23.6,12,24,0.5,0,1,0.0,5.3,1.1,1.1,2.0,0.3,-5.4,1,2024-25
Anthony Davis,LAL,SAC,2024-11-09,LAL vs SAC,L,33.7,30.5,11,29,0.379,0,2,0.0,2.9,7.0,0.8,0.2,3.0,7.9,1,2024-25
Anthony Davis,LAL,OKC,2024-11-12,LAL @ OKC,W,32.9,33.7,15,35,0.429,0,0,0.0,4.2,5.4,0.6,0.1,2.3,5.6,0,2024-25
Anthony Davis,LAL,NYK,2024-11-15,LAL @ NYK,L,28.6,20.3,10,20,0.5,0,0,0.0,3.9,3.1,0.8,0.3,3.5,-5.4,0,2024-25
Anthony Davis,LAL,OKC,2024-11-18,LAL @ OKC,L,36.1,26.7,13,25,0.52,0,2,0.0,4.2,2.8,1.6,0.7,1.2,-13.2,0,2024-25
Anthony Davis,LAL,CHA,2024-11-21,LAL @ CHA,W,35.2,17.4,7,16,0.438,1,3,0.333,8.2,0.0,2.2,0.8,3.4,-5.2,0,2024-25
Anthony Davis,LAL,UTA,2024-11-24,LAL @ UTA,L,34.6,24.3,12,23,0.522,0,0,0.0,8.9,3.1,1.0,1.2,1.9,0.1,0,2024-25
Anthony Davis,LAL,POR,2024-11-27,LAL vs POR,L,35.6,30.6,15,29,0.517,0,3,0.0,4.6,4.1,1.3,0.9,3.0,8.5,1,2024-25
Anthony Davis,LAL,ORL,2024-11-30,LAL @ ORL,W,29.3,26.4,14,25,0.56,0,1,0.0,7.1,0.3,0.7,0.1,4.0,9.1,0,2024-25
Anthony Davis,LAL,CHI,2024-12-03,LAL @ CHI,W,37.1,24.2,13,25,0.52,1,3,0.333,5.1,3.2,1.5,0.9,3.0,-1.0,0,2024-25
Anthony Davis,LAL,MEM,2024-12-06,LAL vs MEM,W,31.2,20.7,10,22,0.455,0,0,0.0,5.3,5.1,1.4,1.1,1.1,12.8,1,2024-25
Anthony Davis,LAL,POR,2024-12-09,LAL vs POR,L,36.0,23.7,11,26,0.423,0,1,0.0,4.8,1.3,1.7,1.5,1.7,-3.1,1,2024-25
Anthony Davis,LAL,MIL,2024-12-12,LAL vs MIL,W,31.1,27.6,16,28,0.571,1,3,0.333,3.6,3.0,1.3,1.6,3.2,-3.8,1,2024-25
Anthony Davis,LAL,MIN,2024-12-15,LAL vs MIN,W,32.7,28.5,16,30,0.533,0,2,0.0,9.0,2.6,1.4,1.5,2.2,11.5,1,2024-25
Anthony Davis,LAL,MIL,2024-12-18,LAL @ MIL,W,31.0,37.0,16,39,0.41,0,1,0.0,7.6,0.0,0.9,0.8,1.9,2.7,0,2024-25
Anthony Davis,LAL,UTA,2024-12-21,LAL @ UTA,L,32.5,16.5,7,14,0.5,0,0,0.0,0.0,7.1,1.0,0.6,3.0,4.6,0,2024-25
Anthony Davis,LAL,MIN,2024-12-24,LAL vs MIN,L,30.6,32.0,13,32,0.406,1,3,0.333,9.1,11.2,1.8,0.7,3.5,10.2,1,2024-25
Anthony Davis,LAL,DAL,2024-12-27,LAL vs DAL,W,30.4,17.1,7,17,0.412,1,3,0.333,10.3,5.9,0.6,1.4,1.5,9.3,1,2024-25
Anthony Davis,LAL,TOR,2024-12-30,LAL vs TOR,L,34.9,22.6,11,24,0.458,0,2,0.0,6.7,4.1,0.8,1.0,1.8,11.0,1,2024-25
Anthony Davis,LAL,PHI,2025-01-02,LAL @ PHI,W,36.6,28.0,15,30,0.5,0,1,0.0,9.7,4.8,1.1,1.1,1.2,0.7,0,2024-25
Anthony Davis,LAL,HOU,2025-01-05,LAL vs HOU,L,32.4,17.9,10,18,0.556,0,0,0.0,10.7,4.3,2.1,0.5,3.6,6.7,1,2024-25
Anthony Davis,LAL,MIL,2025-01-08,LAL @ MIL,W,35.4,21.6,10,22,0.455,0,1,0.0,3.1,7.9,1.2,0.7,1.4,-3.8,0,2024-25
Anthony Davis,LAL,CLE,2025-01-11,LAL @ CLE,W,34.9,14.4,5,13,0.385,0,0,0.0,9.0,6.0,0.5,1.2,1.5,3.8,0,2024-25
Anthony Davis,LAL,LAC,2025-01-14,LAL vs LAC,W,28.4,18.0,11,20,0.55,0,2,0.0,8.2,5.0,0.8,1.7,1.8,12.6,1,2024-25
Anthony Davis,LAL,BOS,2025-01-17,LAL vs BOS,L,37.2,25.2,13,25,0.52,0,2,0.0,6.4,2.7,1.9,0.3,1.3,-0.2,1,2024-25
Devin Booker,PHX,MIL,2024-10-22,PHX vs MIL,W,30.4,22.2,10,21,0.476,1,5,0.2,4.0,1.5,2.2,0.2,3.1,14.3,1,2024-25
Devin Booker,PHX,MIL,2024-10-25,PHX @ MIL,W,31.4,29.8,12,31,0.387,3,8,0.375,6.4,5.8,0.7,0.3,2.8,-8.3,0,2024-25
Devin Booker,PHX,LAL,2024-10-28,PHX vs LAL,W,30.5,20.0,8,18,0.444,0,2,0.0,8.2,4.8,2.4,0.5,3.7,-8.1,1,2024-25
Devin Booker,PHX,DEN,2024-10-31,PHX vs DEN,L,31.7,23.2,8,21,0.381,2,5,0.4,6.9,7.8,1.0,0.0,3.4,-3.7,1,2024-25
Devin Booker,PHX,UTA,2024-11-03,PHX @ UTA,L,32.9,22.5,11,21,0.524,1,4,0.25,6.6,5.7,1.6,0.0,0.2,-0.1,0,2024-25
Devin Booker,PHX,CHA,2024-11-06,PHX @ CHA,W,35.4,30.7,17,33,0.515,0,2,0.0,10.0,1.6,2.3,0.2,4.1,-8.3,0,2024-25
Devin Booker,PHX,NOP,2024-11-09,PHX @ NOP,W,35.5,23.0,11,25,0.44,1,4,0.25,2.2,1.8,0.0,0.4,3.6,-5.1,0,2024-25
Devin Booker,PHX,OKC,2024-11-12,PHX vs OKC,L,28.0,24.3,9,23,0.391,2,8,0.25,7.9,5.2,0.4,0.5,3.3,15.2,1,2024-25
Devin Booker,PHX,GSW,2024-11-15,PHX @ GSW,W,34.5,24.2,14,26,0.538,2,7,0.286,7.6,4.9,2.0,0.0,1.8,19.9,0,2024-25
Devin Booker,PHX,CHA,2024-11-18,PHX vs CHA,L,31.6,24.8,11,27,0.407,3,9,0.333,7.5,5.7,1.3,0.0,3.3,7.0,1,2024-25
Devin Booker,PHX,ATL,2024-11-21,PHX @ ATL,W,35.0,24.0,10,25,0.4,0,3,0.0,2.3,2.5,1.5,0.6,0.2,19.1,0,2024-25
Devin Booker,PHX,ATL,2024-11-24,PHX vs ATL,W,37.7,31.8,14,34,0.412,2,5,0.4,1.2,4.9,2.0,1.2,2.2,23.0,1,2024-25
Devin Booker,PHX,NYK,2024-11-27,PHX @ NYK,L,29.9,27.5,13,29,0.448,2,6,0.333,3.4,0.0,0.9,0.0,3.4,-13.5,0,2024-25
Devin Booker,PHX,TOR,2024-11-30,PHX vs TOR,W,31.4,24.8,9,24,0.375,1,4,0.25,2.4,3.9,1.2,0.6,0.9,7.7,1,2024-25
Devin Booker,PHX,CHI,2024-12-03,PHX @ CHI,L,33.0,16.2,7,17,0.412,1,3,0.333,3.2,6.9,1.1,0.1,0.6,2.5,0,2024-25
Devin Booker,PHX,TOR,2024-12-06,PHX @ TOR,L,31.2,20.4,12,22,0.545,1,6,0.167,9.8,6.0,1.8,0.0,1.1,-19.7,0,2024-25
Devin Booker,PHX,TOR,2024-12-09,PHX @ TOR,L,34.1,25.9,12,28,0.429,1,4,0.25,4.9,5.8,3.2,0.3,3.0,-2.9,0,2024-25
Devin Booker,PHX,OKC,2024-12-12,PHX @ OKC,L,29.3,26.8,15,28,0.536,3,8,0.375,7.2,4.7,0.5,0.6,1.3,-2.1,0,2024-25
Devin Booker,PHX,MEM,2024-12-15,PHX @ MEM,L,35.6,23.8,9,22,0.409,1,5,0.2,3.3,3.8,1.0,0.0,2.4,0.7,0,2024-25
Devin Booker,PHX,MIL,2024-12-18,PHX @ MIL,L,28.2,24.5,8,22,0.364,1,3,0.333,7.6,4.2,2.0,0.2,1.2,14.4,0,2024-25
Devin Booker,PHX,MIL,2024-12-21,PHX vs MIL,W,37.3,26.7,10,26,0.385,3,8,0.375,7.3,3.6,0.8,0.0,1.2,12.7,1,2024-25
Devin Booker,PHX,WAS,2024-12-24,PHX vs WAS,L,37.5,18.6,7,16,0.438,0,2,0.0,1.7,3.9,0.6,0.0,1.4,-8.4,1,2024-25
Devin Booker,PHX,MIN,2024-12-27,PHX @ MIN,L,34.7,32.2,15,31,0.484,2,7,0.286,8.2,3.5,0.9,0.0,3.1,3.3,0,2024-25
Devin Booker,PHX,OKC,2024-12-30,PHX vs OKC,L,36.6,31.0,15,29,0.517,3,9,0.333,3.7,8.3,1.1,0.6,4.4,1.8,1,2024-25
Devin Booker,PHX,ORL,2025-01-02,PHX vs ORL,L,28.3,28.2,16,29,0.552,2,8,0.25,4.5,2.6,1.9,0.4,0.0,6.5,1,2024-25
Devin Booker,PHX,CLE,2025-01-05,PHX @ CLE,W,35.2,29.2,14,29,0.483,2,8,0.25,4.4,2.3,0.0,0.1,2.4,-2.1,0,2024-25
Devin Booker,PHX,CHI,2025-01-08,PHX @ CHI,L,37.6,23.6,13,25,0.52,0,2,0.0,5.2,2.8,1.5,1.6,1.6,-0.3,0,2024-25
Devin Booker,PHX,LAL,2025-01-11,PHX vs LAL,L,36.9,28.4,16,30,0.533,1,5,0.2,7.7,3.4,1.0,0.8,3.3,4.5,1,2024-25
Devin Booker,PHX,SAC,2025-01-14,PHX @ SAC,W,30.8,25.3,14,27,0.519,0,2,0.0,1.7,4.3,0.8,0.6,0.0,-3.9,0,2024-25
Devin Booker,PHX,CHA,2025-01-17,PHX @ CHA,L,37.4,27.0,12,27,0.444,0,2,0.0,4.0,4.1,1.0,0.0,3.8,10.2,0,2024-25
Ja Morant,MEM,CHA,2024-10-22,MEM @ CHA,W,12.5,0.0,-1,1,-1.0,2,5,0.4,7.5,6.8,1.1,0.2,1.8,2.1,0,2024-25
Ja Morant,MEM,POR,2024-10-25,MEM vs POR,W,31.8,12.6,5,13,0.385,1,5,0.2,6.1,10.4,2.0,0.1,1.6,-5.8,1,2024-25
Ja Morant,MEM,IND,2024-10-28,MEM vs IND,W,32.5,20.1,10,20,0.5,1,4,0.25,11.6,9.6,1.3,1.2,3.2,-6.1,1,2024-25
Ja Morant,MEM,NOP,2024-10-31,MEM vs NOP,W,29.2,25.2,14,25,0.56,2,6,0.333,7.6,8.2,1.7,0.2,2.1,-2.8,1,2024-25
Ja Morant,MEM,OKC,2024-11-03,MEM @ OKC,W,28.5,26.2,11,25,0.44,0,3,0.0,3.2,7.2,2.3,0.5,4.3,9.6,0,2024-25
Ja Morant,MEM,NOP,2024-11-06,MEM vs NOP,L,31.8,37.0,14,36,0.389,3,7,0.429,2.8,3.2,1.9,0.7,0.4,-6.0,1,2024-25
Ja Morant,MEM,TOR,2024-11-09,MEM @ TOR,W,30.2,19.3,10,21,0.476,1,5,0.2,2.7,4.5,1.9,0.8,3.6,0.0,0,2024-25
Ja Morant,MEM,PHX,2024-11-12,MEM @ PHX,W,32.2,27.3,12,28,0.429,3,9,0.333,1.0,5.0,0.6,0.3,1.2,4.0,0,2024-25
Ja Morant,MEM,MIN,2024-11-15,MEM vs MIN,W,29.8,23.5,12,23,0.522,2,8,0.25,7.1,7.7,1.4,0.5,1.4,-19.2,1,2024-25
Ja Morant,MEM,TOR,2024-11-18,MEM @ TOR,W,28.0,47.6,24,50,0.48,3,7,0.429,10.8,9.6,0.7,0.4,2.4,-12.7,0,2024-25
Ja Morant,MEM,NOP,2024-11-21,MEM vs NOP,L,32.6,11.2,4,9,0.444,2,7,0.286,2.5,7.6,1.0,0.7,3.3,2.5,1,2024-25
Ja Morant,MEM,DEN,2024-11-24,MEM vs DEN,L,32.6,17.2,7,19,0.368,2,7,0.286,5.0,9.8,0.5,0.0,2.2,-1.6,1,2024-25
Ja Morant,MEM,GSW,2024-11-27,MEM @ GSW,W,37.1,10.8,6,11,0.545,2,6,0.333,7.6,3.6,1.9,0.0,3.2,7.4,0,2024-25
Ja Morant,MEM,DEN,2024-11-30,MEM vs DEN,L,37.7,28.0,13,27,0.481,1,4,0.25,7.5,3.6,0.6,0.0,3.8,7.5,1,2024-25
Ja Morant,MEM,PHX,2024-12-03,MEM @ PHX,W,36.8,21.6,10,21,0.476,2,5,0.4,3.2,6.7,1.8,0.3,2.0,4.3,0,2024-25
Ja Morant,MEM,DEN,2024-12-06,MEM vs DEN,L,32.7,34.5,20,36,0.556,0,3,0.0,2.8,7.1,1.2,0.5,0.0,-2.7,1,2024-25
Ja Morant,MEM,LAC,2024-12-09,MEM @ LAC,W,29.3,17.2,7,17,0.412,3,9,0.333,1.6,2.5,0.0,0.5,1.8,-4.4,0,2024-25
Ja Morant,MEM,CLE,2024-12-12,MEM vs CLE,L,30.4,38.6,21,41,0.512,2,7,0.286,4.4,9.9,1.6,0.0,2.7,-2.6,1,2024-25
Ja Morant,MEM,OKC,2024-12-15,MEM @ OKC,L,28.2,34.4,14,35,0.4,3,8,0.375,5.9,4.1,0.3,0.0,3.3,9.5,0,2024-25
Ja Morant,MEM,DEN,2024-12-18,MEM @ DEN,L,31.5,43.1,22,43,0.512,1,3,0.333,1.6,8.2,2.5,1.0,3.3,7.8,0,2024-25
Ja Morant,MEM,MIA,2024-12-21,MEM @ MIA,L,34.4,22.9,10,21,0.476,1,6,0.167,7.3,4.0,1.4,0.0,3.2,-0.3,0,2024-25
Ja Morant,MEM,LAL,2024-12-24,MEM @ LAL,W,21.4,0.9,0,1,0.0,2,9,0.222,1.3,8.7,1.5,0.0,4.3,4.3,0,2024-25
Ja Morant,MEM,NYK,2024-12-27,MEM vs NYK,W,33.6,12.2,5,12,0.417,1,5,0.2,0.9,8.7,1.4,0.7,2.4,-9.5,1,2024-25
Ja Morant,MEM,OKC,2024-12-30,MEM @ OKC,L,29.4,32.0,14,30,0.467,1,4,0.25,1.6,8.4,2.1,0.0,4.9,3.3,0,2024-25
Ja Morant,MEM,PHI,2025-01-02,MEM vs PHI,W,36.9,21.1,11,21,0.524,2,7,0.286,3.3,11.9,1.0,0.2,2.1,-2.7,1,2024-25
Ja Morant,MEM,CHI,2025-01-05,MEM vs CHI,L,32.5,36.3,18,38,0.474,2,8,0.25,2.3,7.4,1.7,0.4,1.9,18.3,1,2024-25
Ja Morant,MEM,UTA,2025-01-08,MEM vs UTA,W,35.2,15.4,8,17,0.471,1,5,0.2,7.6,7.7,1.0,0.7,1.0,13.0,1,2024-25
Ja Morant,MEM,LAC,2025-01-11,MEM @ LAC,W,30.7,11.4,4,10,0.4,0,2,0.0,7.6,3.9,2.2,0.4,1.8,-2.4,0,2024-25
Ja Morant,MEM,BOS,2025-01-14,MEM @ BOS,W,37.8,20.2,9,21,0.429,2,6,0.333,3.0,10.2,1.8,0.1,3.4,-1.3,0,2024-25
Ja Morant,MEM,ATL,2025-01-17,MEM @ ATL,W,15.4,8.6,3,7,0.429,2,8,0.25,0.0,8.7,1.3,0.2,2.0,7.3,0,2024-25
Zion Williamson,NOP,MIN,2024-10-22,NOP @ MIN,L,37.1,17.7,6,16,0.375,0,3,0.0,7.5,0.7,1.8,0.0,1.7,3.3,0,2024-25
Zion Williamson,NOP,IND,2024-10-25,NOP vs IND,L,20.8,7.2,3,7,0.429,0,2,0.0,6.0,4.4,0.5,1.4,0.8,0.9,1,2024-25
Zion Williamson,NOP,HOU,2024-10-28,NOP vs HOU,W,37.8,15.7,6,14,0.429,0,3,0.0,6.8,6.7,1.5,0.0,1.9,3.1,1,2024-25
Zion Williamson,NOP,NYK,2024-10-31,NOP @ NYK,W,34.3,30.9,19,33,0.576,0,1,0.0,3.8,2.2,1.8,1.1,3.3,-4.1,0,2024-25
Zion Williamson,NOP,OKC,2024-11-03,NOP vs OKC,W,32.6,40.5,22,39,0.564,0,0,0.0,5.8,2.3,1.7,0.2,1.1,1.6,1,2024-25
Zion Williamson,NOP,PHX,2024-11-06,NOP vs PHX,L,37.8,24.0,11,22,0.5,0,1,0.0,6.4,1.4,1.8,0.0,3.3,8.8,1,2024-25
Zion Williamson,NOP,ORL,2024-11-09,NOP @ ORL,W,24.8,5.0,2,5,0.4,0,2,0.0,2.6,2.3,0.7,0.1,0.6,-10.2,0,2024-25
Zion Williamson,NOP,PHX,2024-11-12,NOP vs PHX,W,29.5,14.6,7,14,0.5,1,3,0.333,5.4,2.8,0.5,0.0,3.3,4.6,1,2024-25
Zion Williamson,NOP,ATL,2024-11-15,NOP vs ATL,W,37.0,22.6,9,22,0.409,0,3,0.0,9.7,2.6,1.6,0.6,2.6,2.2,1,2024-25
Zion Williamson,NOP,LAL,2024-11-18,NOP vs LAL,W,28.2,11.6,5,12,0.417,0,2,0.0,5.1,3.3,1.3,0.7,0.1,16.9,1,2024-25
Zion Williamson,NOP,PHX,2024-11-21,NOP @ PHX,L,32.9,46.7,24,45,0.533,0,0,0.0,5.1,4.7,1.9,0.0,2.5,-10.9,0,2024-25
Zion Williamson,NOP,BOS,2024-11-24,NOP @ BOS,W,33.0,40.1,16,38,0.421,0,1,0.0,3.2,5.9,1.1,0.4,1.4,-1.0,0,2024-25
Zion Williamson,NOP,ORL,2024-11-27,NOP vs ORL,W,29.0,34.9,16,37,0.432,0,0,0.0,6.8,2.8,2.1,0.1,2.4,-3.3,1,2024-25
Zion Williamson,NOP,WAS,2024-11-30,NOP vs WAS,L,18.7,8.5,3,6,0.5,0,0,0.0,0.9,0.6,2.9,0.8,1.8,8.9,1,2024-25
Zion Williamson,NOP,CLE,2024-12-03,NOP vs CLE,W,17.4,9.4,3,7,0.429,0,1,0.0,2.1,0.0,1.1,0.3,2.0,-0.9,1,2024-25
Zion Williamson,NOP,WAS,2024-12-06,NOP @ WAS,W,28.4,25.5,12,25,0.48,0,3,0.0,8.1,1.0,0.4,0.0,2.5,-10.9,0,2024-25
Zion Williamson,NOP,UTA,2024-12-09,NOP @ UTA,L,17.3,5.0,1,3,0.333,0,0,0.0,7.2,3.1,1.5,0.2,3.5,-7.5,0,2024-25
Zion Williamson,NOP,ATL,2024-12-12,NOP @ ATL,L,32.9,34.4,14,33,0.424,0,0,0.0,2.4,6.9,1.2,0.8,1.8,-0.4,0,2024-25
Zion Williamson,NOP,TOR,2024-12-15,NOP vs TOR,W,36.4,17.7,8,15,0.533,1,3,0.333,2.4,4.5,0.5,0.0,3.2,-1.6,1,2024-25
Zion Williamson,NOP,DET,2024-12-18,NOP vs DET,W,35.0,29.9,16,30,0.533,0,2,0.0,6.0,2.8,1.6,0.0,3.2,-6.3,1,2024-25
Zion Williamson,NOP,NYK,2024-12-21,NOP vs NYK,W,37.2,19.8,10,19,0.526,0,0,0.0,11.3,0.0,1.0,0.1,2.7,0.4,1,2024-25
Zion Williamson,NOP,BOS,2024-12-24,NOP @ BOS,W,30.0,35.5,18,34,0.529,0,0,0.0,3.0,6.4,1.9,1.1,1.5,3.8,0,2024-25
Zion Williamson,NOP,MIA,2024-12-27,NOP @ MIA,W,32.0,23.3,10,22,0.455,0,1,0.0,3.7,1.5,0.0,0.4,1.7,-2.0,0,2024-25
Zion Williamson,NOP,DEN,2024-12-30,NOP vs DEN,W,29.5,17.6,6,16,0.375,0,1,0.0,8.8,3.0,0.9,0.3,2.3,-4.7,1,2024-25
Zion Williamson,NOP,PHX,2025-01-02,NOP @ PHX,W,24.6,0.0,0,1,0.0,0,2,0.0,5.1,8.0,0.5,0.1,1.7,0.0,0,2024-25
Zion Williamson,NOP,MEM,2025-01-05,NOP @ MEM,W,28.1,41.8,21,43,0.488,0,2,0.0,8.3,0.0,2.3,1.0,1.9,4.3,0,2024-25
Zion Williamson,NOP,TOR,2025-01-08,NOP vs TOR,W,28.5,31.6,14,32,0.438,1,3,0.333,4.7,5.5,1.1,0.4,1.6,14.0,1,2024-25
Zion Williamson,NOP,HOU,2025-01-11,NOP vs HOU,L,29.9,42.3,22,44,0.5,0,2,0.0,2.0,0.0,0.6,0.4,3.8,-6.8,1,2024-25
Zion Williamson,NOP,IND,2025-01-14,NOP vs IND,W,34.7,19.0,8,18,0.444,0,2,0.0,8.1,4.1,1.1,0.5,1.1,-2.6,1,2024-25
Zion Williamson,NOP,IND,2025-01-17,NOP @ IND,W,36.9,29.9,16,31,0.516,0,0,0.0,5.4,4.7,2.5,0.9,2.6,-2.7,0,2024-25
Trae Young,ATL,LAL,2024-10-22,ATL @ LAL,W,32.7,21.7,8,19,0.421,0,2,0.0,6.7,8.8,3.4,0.8,1.5,-3.4,0,2024-25
Trae Young,ATL,MIA,2024-10-25,ATL @ MIA,L,34.7,14.0,7,14,0.5,1,5,0.2,9.8,8.8,1.2,0.3,2.6,-4.1,0,2024-25
Trae Young,ATL,OKC,2024-10-28,ATL @ OKC,L,34.7,33.6,19,35,0.543,1,5,0.2,4.8,0.8,0.0,0.0,3.8,0.1,0,2024-25
Trae Young,ATL,MIA,2024-10-31,ATL vs MIA,L,24.0,7.6,3,7,0.429,3,8,0.375,5.7,9.3,0.9,0.4,2.2,-12.9,1,2024-25
Trae Young,ATL,BOS,2024-11-03,ATL @ BOS,W,28.9,34.4,16,32,0.5,0,2,0.0,0.0,1.8,1.2,1.0,2.3,5.8,0,2024-25
Trae Young,ATL,DET,2024-11-06,ATL @ DET,L,36.9,23.1,11,25,0.44,1,5,0.2,7.8,6.0,0.3,0.2,0.2,-10.0,0,2024-25
Trae Young,ATL,ORL,2024-11-09,ATL vs ORL,W,28.6,24.8,9,23,0.391,1,3,0.333,5.9,6.9,2.3,0.7,1.6,-0.5,1,2024-25
Trae Young,ATL,PHX,2024-11-12,ATL vs PHX,W,15.7,7.2,2,6,0.333,3,9,0.333,2.0,9.1,0.4,0.7,1.2,15.7,1,2024-25
Trae Young,ATL,MIA,2024-11-15,ATL @ MIA,W,28.6,49.1,24,51,0.471,2,7,0.286,4.9,11.7,1.1,0.2,3.7,-7.1,0,2024-25
Trae Young,ATL,PHX,2024-11-18,ATL vs PHX,W,34.5,34.3,17,35,0.486,3,9,0.333,7.5,9.3,0.2,1.1,3.0,-0.6,1,2024-25
Trae Young,ATL,OKC,2024-11-21,ATL @ OKC,L,30.8,21.1,10,23,0.435,2,7,0.286,5.9,4.3,0.0,0.3,3.6,0.6,0,2024-25
Trae Young,ATL,PHI,2024-11-24,ATL vs PHI,W,36.4,17.8,6,16,0.375,2,8,0.25,0.0,8.2,1.6,0.3,2.9,-2.2,1,2024-25
Trae Young,ATL,NYK,2024-11-27,ATL vs NYK,W,30.1,46.1,18,44,0.409,3,8,0.375,7.1,8.4,1.2,0.7,2.8,7.4,1,2024-25
Trae Young,ATL,DAL,2024-11-30,ATL vs DAL,W,30.3,40.9,23,41,0.561,1,6,0.167,2.8,7.0,1.8,1.1,2.6,3.7,1,2024-25
Trae Young,ATL,PHI,2024-12-03,ATL vs PHI,L,29.4,20.9,11,22,0.5,0,2,0.0,13.8,6.8,1.2,0.8,3.7,-4.0,1,2024-25
Trae Young,ATL,DEN,2024-12-06,ATL @ DEN,W,31.2,19.6,8,17,0.471,2,7,0.286,9.1,4.5,0.0,0.9,4.4,-16.0,0,2024-25
Trae Young,ATL,CLE,2024-12-09,ATL @ CLE,W,37.2,33.0,15,34,0.441,3,9,0.333,3.7,6.1,1.3,0.0,4.6,-5.1,0,2024-25
Trae Young,ATL,CHI,2024-12-12,ATL vs CHI,W,31.0,23.9,13,24,0.542,2,7,0.286,5.9,7.5,2.5,0.0,0.0,16.5,1,2024-25
Trae Young,ATL,HOU,2024-12-15,ATL @ HOU,W,28.9,23.0,9,21,0.429,2,7,0.286,6.8,12.2,1.5,0.0,4.7,-5.1,0,2024-25
Trae Young,ATL,PHX,2024-12-18,ATL @ PHX,L,35.7,17.2,8,18,0.444,2,7,0.286,10.4,8.3,0.5,0.3,2.9,16.5,0,2024-25
Trae Young,ATL,POR,2024-12-21,ATL vs POR,W,32.5,21.1,10,21,0.476,3,7,0.429,5.5,5.5,0.1,0.8,3.0,-7.7,1,2024-25
Trae Young,ATL,GSW,2024-12-24,ATL vs GSW,L,31.2,15.1,7,14,0.5,0,2,0.0,0.0,5.1,1.5,0.5,1.6,9.4,1,2024-25
Trae Young,ATL,ORL,2024-12-27,ATL vs ORL,W,30.5,32.9,14,34,0.412,2,6,0.333,3.4,9.7,1.2,0.6,3.1,0.1,1,2024-25
Trae Young,ATL,TOR,2024-12-30,ATL vs TOR,L,34.8,17.7,7,17,0.412,1,4,0.25,0.1,5.4,1.1,0.0,1.5,10.9,1,2024-25
Trae Young,ATL,NOP,2025-01-02,ATL @ NOP,W,36.5,16.5,7,14,0.5,1,6,0.167,0.8,5.3,0.4,0.0,2.4,-3.4,0,2024-25
Trae Young,ATL,PHX,2025-01-05,ATL vs PHX,L,30.4,23.9,13,26,0.5,1,4,0.25,4.2,10.1,0.6,0.5,1.7,-2.1,1,2024-25
Trae Young,ATL,IND,2025-01-08,ATL @ IND,L,29.6,17.7,9,19,0.474,0,2,0.0,4.5,6.6,1.9,0.6,1.8,4.6,0,2024-25
Trae Young,ATL,NOP,2025-01-11,ATL vs NOP,W,32.3,44.7,21,45,0.467,0,2,0.0,12.7,8.3,0.9,0.2,2.4,6.8,1,2024-25
Trae Young,ATL,LAL,2025-01-14,ATL vs LAL,W,33.2,53.1,30,55,0.545,0,3,0.0,9.9,10.5,1.2,0.5,1.8,-3.4,1,2024-25
Trae Young,ATL,ORL,2025-01-17,ATL @ ORL,W,31.6,23.4,12,25,0.48,1,5,0.2,9.1,5.8,0.0,1.1,1.5,-2.9,0,2024-25
Karl-Anthony Towns,NYK,DEN,2024-10-22,NYK @ DEN,L,29.0,20.2,10,20,0.5,1,3,0.333,6.0,7.4,1.0,0.8,4.4,-6.9,0,2024-25
Karl-Anthony Towns,NYK,MIN,2024-10-25,NYK vs MIN,W,32.8,24.6,10,26,0.385,1,3,0.333,8.3,5.8,3.0,0.0,3.2,-1.5,1,2024-25
Karl-Anthony Towns,NYK,NOP,2024-10-28,NYK @ NOP,W,28.9,30.2,14,32,0.438,0,1,0.0,6.5,3.0,0.5,0.5,3.0,0.2,0,2024-25
Karl-Anthony Towns,NYK,WAS,2024-10-31,NYK @ WAS,L,30.3,13.8,5,11,0.455,0,2,0.0,10.3,0.3,1.5,0.9,1.7,4.6,0,2024-25
Karl-Anthony Towns,NYK,SAS,2024-11-03,NYK vs SAS,W,31.9,11.5,4,10,0.4,0,0,0.0,7.9,1.9,1.2,0.2,3.9,1.4,1,2024-25
Karl-Anthony Towns,NYK,TOR,2024-11-06,NYK @ TOR,L,28.3,32.3,13,30,0.433,0,2,0.0,6.8,7.1,1.3,2.1,4.0,2.3,0,2024-25
Karl-Anthony Towns,NYK,MIN,2024-11-09,NYK @ MIN,W,33.3,20.3,7,18,0.389,0,2,0.0,6.3,7.3,1.7,0.7,4.0,9.8,0,2024-25
Karl-Anthony Towns,NYK,CHA,2024-11-12,NYK @ CHA,L,30.0,29.1,14,29,0.483,0,1,0.0,9.3,3.4,0.3,1.9,2.9,-8.3,0,2024-25
Karl-Anthony Towns,NYK,LAC,2024-11-15,NYK vs LAC,W,34.4,29.0,11,28,0.393,0,3,0.0,10.0,3.8,0.7,1.0,1.8,14.0,1,2024-25
Karl-Anthony Towns,NYK,MEM,2024-11-18,NYK vs MEM,W,28.0,23.0,11,21,0.524,0,1,0.0,5.0,5.9,1.9,1.0,1.2,17.4,1,2024-25
Karl-Anthony Towns,NYK,ATL,2024-11-21,NYK vs ATL,W,34.4,27.6,11,28,0.393,0,1,0.0,6.6,3.3,2.0,1.9,3.7,-0.7,1,2024-25
Karl-Anthony Towns,NYK,UTA,2024-11-24,NYK @ UTA,W,28.4,31.9,15,31,0.484,0,0,0.0,7.9,4.7,0.8,0.1,1.0,2.2,0,2024-25
Karl-Anthony Towns,NYK,DET,2024-11-27,NYK vs DET,W,37.3,20.5,8,19,0.421,0,1,0.0,6.6,7.0,0.1,1.3,3.3,-6.9,1,2024-25
Karl-Anthony Towns,NYK,DEN,2024-11-30,NYK vs DEN,L,30.1,15.4,6,15,0.4,0,0,0.0,7.1,0.5,0.9,1.3,2.2,-2.2,1,2024-25
Karl-Anthony Towns,NYK,PHX,2024-12-03,NYK @ PHX,L,28.4,28.8,14,30,0.467,0,3,0.0,14.5,2.5,1.7,0.6,5.0,-0.3,0,2024-25
Karl-Anthony Towns,NYK,ATL,2024-12-06,NYK @ ATL,W,37.3,20.8,9,19,0.474,0,3,0.0,6.8,0.4,1.3,1.5,2.5,9.2,0,2024-25
Karl-Anthony Towns,NYK,ORL,2024-12-09,NYK @ ORL,W,37.1,30.8,13,30,0.433,1,3,0.333,6.2,4.7,0.5,1.0,1.9,0.2,0,2024-25
Karl-Anthony Towns,NYK,HOU,2024-12-12,NYK vs HOU,W,28.7,25.2,13,24,0.542,1,3,0.333,9.5,9.1,0.6,1.6,2.0,15.0,1,2024-25
Karl-Anthony Towns,NYK,HOU,2024-12-15,NYK vs HOU,W,31.1,23.0,12,21,0.571,0,0,0.0,11.6,2.1,1.5,1.6,0.4,6.3,1,2024-25
Karl-Anthony Towns,NYK,CHA,2024-12-18,NYK @ CHA,W,34.1,30.3,14,31,0.452,0,2,0.0,8.5,3.2,2.3,0.7,2.3,9.1,0,2024-25
Karl-Anthony Towns,NYK,DET,2024-12-21,NYK vs DET,W,37.1,33.4,17,35,0.486,0,1,0.0,12.3,2.7,0.0,0.9,2.1,6.1,1,2024-25
Karl-Anthony Towns,NYK,OKC,2024-12-24,NYK @ OKC,L,29.6,26.8,14,26,0.538,0,0,0.0,4.6,4.9,0.7,1.4,2.7,5.4,0,2024-25
Karl-Anthony Towns,NYK,PHX,2024-12-27,NYK @ PHX,L,29.0,29.5,17,31,0.548,1,3,0.333,8.7,0.0,1.3,0.5,3.7,1.1,0,2024-25
Karl-Anthony Towns,NYK,WAS,2024-12-30,NYK vs WAS,W,34.1,24.7,14,26,0.538,0,1,0.0,8.5,3.3,0.8,1.5,1.9,12.0,1,2024-25
Karl-Anthony Towns,NYK,LAC,2025-01-02,NYK @ LAC,L,31.2,18.1,9,19,0.474,0,0,0.0,4.1,0.0,0.0,0.3,2.4,-0.5,0,2024-25
Karl-Anthony Towns,NYK,CHI,2025-01-05,NYK vs CHI,W,35.6,26.1,12,26,0.462,0,0,0.0,1.9,3.4,1.8,1.7,2.2,6.9,1,2024-25
Karl-Anthony Towns,NYK,PHI,2025-01-08,NYK vs PHI,L,29.7,22.5,11,24,0.458,0,1,0.0,11.3,5.1,1.2,1.8,0.0,4.2,1,2024-25
Karl-Anthony Towns,NYK,POR,2025-01-11,NYK @ POR,L,28.7,30.4,13,31,0.419,0,2,0.0,14.1,2.6,1.5,1.4,4.0,0.9,0,2024-25
Karl-Anthony Towns,NYK,PHI,2025-01-14,NYK @ PHI,W,29.6,28.9,16,30,0.533,0,0,0.0,8.2,4.5,1.6,0.3,1.8,11.0,0,2024-25
Karl-Anthony Towns,NYK,TOR,2025-01-17,NYK @ TOR,L,28.8,26.2,12,26,0.462,0,1,0.0,4.6,8.7,0.9,1.1,4.1,3.9,0,2024-25
Bam Adebayo,MIA,OKC,2024-10-22,MIA @ OKC,L,37.6,23.4,8,21,0.381,0,0,0.0,9.0,0.0,1.1,0.5,2.9,-10.3,0,2024-25
Bam Adebayo,MIA,NYK,2024-10-25,MIA @ NYK,W,36.3,28.7,13,27,0.481,0,0,0.0,7.1,5.3,0.5,0.3,2.6,0.4,0,2024-25
Bam Adebayo,MIA,POR,2024-10-28,MIA vs POR,L,35.0,15.2,6,15,0.4,0,1,0.0,15.5,3.2,1.0,1.7,5.0,3.2,1,2024-25
Bam Adebayo,MIA,SAC,2024-10-31,MIA vs SAC,L,29.3,19.3,9,19,0.474,0,1,0.0,7.9,7.7,1.4,0.7,3.2,-3.6,1,2024-25
Bam Adebayo,MIA,POR,2024-11-03,MIA @ POR,W,32.8,29.1,15,31,0.484,0,0,0.0,7.4,4.8,0.7,0.1,2.7,-10.7,0,2024-25
Bam Adebayo,MIA,POR,2024-11-06,MIA vs POR,L,30.5,20.5,9,18,0.5,0,1,0.0,7.1,4.7,0.4,1.6,1.8,-10.4,1,2024-25
Bam Adebayo,MIA,WAS,2024-11-09,MIA @ WAS,L,28.6,22.3,9,22,0.409,0,1,0.0,7.9,5.7,2.4,0.1,1.1,8.3,0,2024-25
Bam Adebayo,MIA,SAC,2024-11-12,MIA vs SAC,W,32.2,21.9,10,24,0.417,0,0,0.0,9.4,5.0,0.5,0.7,2.8,-4.2,1,2024-25
Bam Adebayo,MIA,MIL,2024-11-15,MIA @ MIL,W,33.3,27.9,13,29,0.448,0,2,0.0,3.5,1.6,1.7,0.9,1.0,6.0,0,2024-25
Bam Adebayo,MIA,SAS,2024-11-18,MIA vs SAS,L,28.4,19.5,10,21,0.476,1,3,0.333,8.7,5.1,0.7,1.3,2.0,6.8,1,2024-25
Bam Adebayo,MIA,OKC,2024-11-21,MIA vs OKC,L,30.9,23.8,11,24,0.458,0,0,0.0,7.0,2.9,1.3,1.1,3.6,3.7,1,2024-25
Bam Adebayo,MIA,PHI,2024-11-24,MIA vs PHI,W,31.4,22.5,10,20,0.5,0,0,0.0,6.5,6.7,0.6,0.8,2.3,-20.2,1,2024-25
Bam Adebayo,MIA,LAL,2024-11-27,MIA @ LAL,W,36.1,24.3,11,26,0.423,0,1,0.0,8.4,5.2,0.3,1.6,2.5,2.1,0,2024-25
Bam Adebayo,MIA,DEN,2024-11-30,MIA vs DEN,L,35.9,24.1,13,23,0.565,0,3,0.0,7.5,6.5,0.8,0.7,3.2,2.9,1,2024-25
Bam Adebayo,MIA,ORL,2024-12-03,MIA @ ORL,W,35.8,29.2,13,30,0.433,0,0,0.0,8.0,5.7,1.8,1.4,1.9,-10.1,0,2024-25
Bam Adebayo,MIA,UTA,2024-12-06,MIA vs UTA,L,32.6,18.0,10,20,0.5,1,3,0.333,5.4,6.1,1.4,1.2,4.3,-1.0,1,2024-25
Bam Adebayo,MIA,MIN,2024-12-09,MIA @ MIN,L,29.1,21.9,9,21,0.429,1,3,0.333,8.8,0.0,1.3,1.2,4.9,6.3,0,2024-25
Bam Adebayo,MIA,CLE,2024-12-12,MIA vs CLE,W,31.5,20.9,12,23,0.522,1,3,0.333,9.8,1.7,2.2,1.4,1.6,-10.3,1,2024-25
Bam Adebayo,MIA,HOU,2024-12-15,MIA vs HOU,L,31.7,30.4,14,28,0.5,0,2,0.0,9.3,1.9,2.4,1.1,4.6,7.0,1,2024-25
Bam Adebayo,MIA,ORL,2024-12-18,MIA vs ORL,W,30.1,34.9,15,35,0.429,0,1,0.0,4.0,5.3,1.8,1.1,3.9,-6.7,1,2024-25
Bam Adebayo,MIA,OKC,2024-12-21,MIA vs OKC,L,29.8,20.1,9,18,0.5,0,1,0.0,3.9,0.0,0.8,1.5,2.3,-6.4,1,2024-25
Bam Adebayo,MIA,UTA,2024-12-24,MIA @ UTA,W,36.9,28.0,12,26,0.462,0,0,0.0,14.5,3.3,1.0,1.1,3.8,-9.1,0,2024-25
Bam Adebayo,MIA,TOR,2024-12-27,MIA @ TOR,L,30.6,21.5,12,23,0.522,0,0,0.0,1.3,2.5,0.5,0.6,2.7,7.7,0,2024-25
Bam Adebayo,MIA,MIL,2024-12-30,MIA vs MIL,L,32.8,30.3,16,30,0.533,0,2,0.0,7.0,7.8,0.3,0.6,4.2,11.2,1,2024-25
Bam Adebayo,MIA,IND,2025-01-02,MIA vs IND,W,33.3,32.8,17,34,0.5,0,2,0.0,7.5,1.4,0.6,1.7,5.0,3.0,1,2024-25
Bam Adebayo,MIA,ATL,2025-01-05,MIA vs ATL,W,35.2,33.6,14,35,0.4,0,0,0.0,7.6,6.4,1.1,0.5,3.6,-5.1,1,2024-25
Bam Adebayo,MIA,CLE,2025-01-08,MIA vs CLE,L,31.4,29.8,15,31,0.484,0,2,0.0,8.9,3.8,1.0,0.8,0.6,5.1,1,2024-25
Bam Adebayo,MIA,SAS,2025-01-11,MIA vs SAS,W,35.5,17.9,11,20,0.55,0,1,0.0,9.1,3.7,2.4,2.3,3.3,4.8,1,2024-25
Bam Adebayo,MIA,HOU,2025-01-14,MIA @ HOU,L,35.4,14.6,6,14,0.429,0,0,0.0,8.0,7.3,1.0,1.0,3.7,18.0,0,2024-25
Bam Adebayo,MIA,ORL,2025-01-17,MIA @ ORL,W,28.1,28.7,14,31,0.452,1,3,0.333,7.1,4.9,1.6,1.2,0.9,12.8,0,2024-25
Paul George,PHI,TOR,2024-10-22,PHI vs TOR,W,35.5,25.0,13,27,0.481,1,3,0.333,9.0,6.3,0.2,0.0,1.3,11.6,1,2024-25
Paul George,PHI,CHA,2024-10-25,PHI vs CHA,L,30.6,22.3,9,20,0.45,1,4,0.25,3.7,3.1,1.5,0.8,1.8,-3.5,1,2024-25
Paul George,PHI,DEN,2024-10-28,PHI vs DEN,L,37.9,23.4,13,24,0.542,2,5,0.4,0.4,2.8,0.2,0.2,5.4,-14.2,1,2024-25
Paul George,PHI,GSW,2024-10-31,PHI vs GSW,L,28.7,24.6,10,23,0.435,3,8,0.375,8.4,4.5,0.0,0.0,1.3,1.0,1,2024-25
Paul George,PHI,TOR,2024-11-03,PHI @ TOR,W,37.1,21.0,9,19,0.474,0,2,0.0,6.8,2.2,1.1,1.1,2.3,12.0,0,2024-25
Paul George,PHI,DAL,2024-11-06,PHI vs DAL,W,31.0,19.7,8,18,0.444,1,5,0.2,0.0,3.6,0.2,0.2,2.1,0.1,1,2024-25
Paul George,PHI,OKC,2024-11-09,PHI @ OKC,W,37.7,12.2,5,11,0.455,1,5,0.2,8.1,4.2,1.9,1.4,3.2,15.6,0,2024-25
Paul George,PHI,PHX,2024-11-12,PHI @ PHX,L,33.5,19.6,10,20,0.5,2,6,0.333,3.6,0.7,0.6,0.0,2.5,-6.6,0,2024-25
Paul George,PHI,DET,2024-11-15,PHI vs DET,L,32.9,26.7,16,29,0.552,1,3,0.333,7.4,5.8,1.7,0.1,2.5,-5.9,1,2024-25
Paul George,PHI,HOU,2024-11-18,PHI vs HOU,W,34.7,25.2,12,25,0.48,0,2,0.0,9.1,5.4,0.3,0.0,1.5,5.3,1,2024-25
Paul George,PHI,TOR,2024-11-21,PHI @ TOR,W,29.1,26.5,15,28,0.536,0,2,0.0,0.7,1.7,2.0,0.0,2.3,18.7,0,2024-25
Paul George,PHI,MIN,2024-11-24,PHI vs MIN,L,37.7,34.0,18,35,0.514,3,8,0.375,1.9,2.8,1.4,0.1,3.2,7.0,1,2024-25
Paul George,PHI,HOU,2024-11-27,PHI vs HOU,W,32.7,17.0,8,19,0.421,2,8,0.25,3.8,3.8,0.9,0.0,3.0,3.3,1,2024-25
Paul George,PHI,UTA,2024-11-30,PHI vs UTA,W,35.3,32.2,14,34,0.412,1,4,0.25,4.5,0.0,1.8,0.2,3.7,-7.2,1,2024-25
Paul George,PHI,TOR,2024-12-03,PHI vs TOR,W,30.7,18.9,9,19,0.474,0,2,0.0,4.0,1.8,2.0,0.3,1.5,5.2,1,2024-25
Paul George,PHI,CLE,2024-12-06,PHI @ CLE,L,32.0,27.2,14,28,0.5,2,8,0.25,3.1,6.1,0.6,0.7,1.6,-6.6,0,2024-25
Paul George,PHI,NOP,2024-12-09,PHI @ NOP,L,28.6,30.9,16,32,0.5,1,3,0.333,6.6,2.2,1.8,0.5,4.1,2.5,0,2024-25
Paul George,PHI,OKC,2024-12-12,PHI vs OKC,L,35.4,16.8,10,19,0.526,1,4,0.25,3.5,8.4,1.4,0.1,2.8,8.4,1,2024-25
Paul George,PHI,SAS,2024-12-15,PHI @ SAS,W,36.6,15.0,7,16,0.438,2,7,0.286,8.4,2.7,1.6,0.1,2.1,0.2,0,2024-25
Paul George,PHI,NOP,2024-12-18,PHI @ NOP,W,35.3,26.5,11,25,0.44,2,6,0.333,8.7,2.5,1.5,0.6,4.3,-17.1,0,2024-25
Paul George,PHI,PHX,2024-12-21,PHI @ PHX,L,30.3,18.6,11,20,0.55,1,4,0.25,1.0,3.6,1.8,0.2,2.9,8.9,0,2024-25
Paul George,PHI,UTA,2024-12-24,PHI @ UTA,W,37.1,28.9,12,28,0.429,0,3,0.0,9.4,6.5,1.4,0.2,2.5,-0.0,0,2024-25
Paul George,PHI,GSW,2024-12-27,PHI vs GSW,L,35.9,23.8,13,26,0.5,3,8,0.375,8.6,3.1,1.6,0.7,4.1,2.3,1,2024-25
Paul George,PHI,DEN,2024-12-30,PHI vs DEN,L,37.6,24.8,11,25,0.44,1,3,0.333,3.6,3.8,2.4,0.6,2.1,-2.5,1,2024-25
Paul George,PHI,IND,2025-01-02,PHI vs IND,L,37.0,17.2,7,17,0.412,1,3,0.333,6.8,4.9,0.7,0.0,5.7,17.4,1,2024-25
Paul George,PHI,DAL,2025-01-05,PHI @ DAL,L,34.9,18.5,10,18,0.556,0,2,0.0,4.8,7.5,1.9,0.0,1.3,-3.3,0,2024-25
Paul George,PHI,CHA,2025-01-08,PHI @ CHA,L,30.4,16.3,8,18,0.444,1,5,0.2,3.6,3.3,1.9,0.0,1.8,-9.1,0,2024-25
Paul George,PHI,WAS,2025-01-11,PHI @ WAS,L,28.7,22.1,10,22,0.455,0,3,0.0,9.2,2.8,1.6,0.4,3.8,2.3,0,2024-25
Paul George,PHI,DAL,2025-01-14,PHI @ DAL,W,31.7,32.1,15,31,0.484,1,3,0.333,6.5,4.8,1.3,0.2,3.0,-3.2,0,2024-25
Paul George,PHI,UTA,2025-01-17,PHI @ UTA,W,35.6,26.8,13,27,0.481,2,8,0.25,0.0,4.8,1.1,0.0,2.9,1.2,0,2024-25
Kawhi Leonard,LAC,TOR,2024-10-22,LAC @ TOR,L,35.3,22.8,11,25,0.44,2,6,0.333,1.2,6.7,1.0,1.0,3.1,-6.8,0,2024-25
Kawhi Leonard,LAC,PHI,2024-10-25,LAC @ PHI,W,29.1,28.5,15,30,0.5,0,2,0.0,5.9,1.4,0.8,0.1,3.1,7.5,0,2024-25
Kawhi Leonard,LAC,WAS,2024-10-28,LAC @ WAS,W,32.4,26.9,11,28,0.393,2,6,0.333,7.8,4.9,1.4,0.4,2.7,18.4,0,2024-25
Kawhi Leonard,LAC,DEN,2024-10-31,LAC @ DEN,W,35.6,14.7,6,14,0.429,3,8,0.375,5.1,4.0,1.9,0.6,1.7,1.4,0,2024-25
Kawhi Leonard,LAC,CHI,2024-11-03,LAC @ CHI,W,32.4,15.9,9,18,0.5,3,9,0.333,7.0,6.2,1.3,0.0,2.3,-12.9,0,2024-25
Kawhi Leonard,LAC,POR,2024-11-06,LAC vs POR,L,34.1,27.9,14,27,0.519,1,5,0.2,6.9,5.0,1.1,0.0,4.4,2.5,1,2024-25
Kawhi Leonard,LAC,SAS,2024-11-09,LAC vs SAS,W,38.0,39.2,17,37,0.459,3,9,0.333,0.0,8.0,1.3,1.1,2.2,-4.0,1,2024-25
Kawhi Leonard,LAC,DET,2024-11-12,LAC vs DET,L,35.4,24.6,11,24,0.458,0,3,0.0,6.2,0.4,1.6,0.0,3.1,-5.0,1,2024-25
Kawhi Leonard,LAC,HOU,2024-11-15,LAC @ HOU,L,28.9,35.5,15,38,0.395,1,4,0.25,0.0,0.0,1.9,0.8,1.8,-8.5,0,2024-25
Kawhi Leonard,LAC,WAS,2024-11-18,LAC @ WAS,W,36.3,18.8,9,21,0.429,2,8,0.25,0.0,4.8,1.0,0.8,3.1,-2.6,0,2024-25
Kawhi Leonard,LAC,DET,2024-11-21,LAC @ DET,W,35.8,26.2,13,26,0.5,1,6,0.167,7.5,3.3,1.0,0.1,2.7,0.5,0,2024-25
Kawhi Leonard,LAC,CHI,2024-11-24,LAC @ CHI,L,30.7,17.4,7,19,0.368,1,5,0.2,6.7,1.7,2.0,0.5,2.8,0.2,0,2024-25
Kawhi Leonard,LAC,POR,2024-11-27,LAC vs POR,W,29.4,30.3,12,28,0.429,3,9,0.333,4.7,4.6,1.1,0.3,3.1,-0.2,1,2024-25
Kawhi Leonard,LAC,OKC,2024-11-30,LAC vs OKC,W,30.2,11.9,4,11,0.364,1,5,0.2,6.2,5.8,1.4,0.1,2.9,4.0,1,2024-25
Kawhi Leonard,LAC,MIA,2024-12-03,LAC @ MIA,W,35.7,31.6,13,34,0.382,0,3,0.0,5.9,3.2,1.4,0.8,2.4,3.1,0,2024-25
Kawhi Leonard,LAC,MEM,2024-12-06,LAC vs MEM,W,31.1,24.5,11,23,0.478,1,4,0.25,4.3,5.2,1.6,0.0,3.7,12.0,1,2024-25
Kawhi Leonard,LAC,OKC,2024-12-09,LAC vs OKC,L,36.5,31.1,15,31,0.484,2,8,0.25,7.4,7.0,0.0,0.4,2.0,8.5,1,2024-25
Kawhi Leonard,LAC,PHI,2024-12-12,LAC vs PHI,W,33.6,22.5,10,20,0.5,1,3,0.333,8.1,3.8,2.4,0.8,3.2,11.7,1,2024-25
Kawhi Leonard,LAC,PHX,2024-12-15,LAC @ PHX,L,29.0,23.7,10,26,0.385,2,7,0.286,0.3,0.0,1.8,0.0,1.5,-4.1,0,2024-25
Kawhi Leonard,LAC,UTA,2024-12-18,LAC @ UTA,W,30.9,36.3,21,38,0.553,2,6,0.333,1.2,3.5,0.8,0.0,3.9,-7.2,0,2024-25
Kawhi Leonard,LAC,HOU,2024-12-21,LAC @ HOU,L,28.2,17.6,7,15,0.467,3,8,0.375,4.0,4.5,2.2,0.0,2.0,8.1,0,2024-25
Kawhi Leonard,LAC,MIA,2024-12-24,LAC vs MIA,W,28.7,37.0,17,35,0.486,1,4,0.25,10.0,4.0,1.3,0.4,5.3,1.3,1,2024-25
Kawhi Leonard,LAC,POR,2024-12-27,LAC vs POR,L,32.2,14.3,5,13,0.385,2,7,0.286,1.7,9.6,1.3,0.5,2.5,11.5,1,2024-25
Kawhi Leonard,LAC,UTA,2024-12-30,LAC @ UTA,W,32.3,23.4,9,22,0.409,0,2,0.0,6.9,4.2,1.9,0.4,1.0,-9.1,0,2024-25
Kawhi Leonard,LAC,MIL,2025-01-02,LAC vs MIL,L,37.3,18.0,8,16,0.5,1,5,0.2,4.9,1.5,1.2,0.0,0.0,1.2,1,2024-25
Kawhi Leonard,LAC,GSW,2025-01-05,LAC vs GSW,W,28.1,35.1,18,37,0.486,3,9,0.333,4.7,4.1,3.3,0.8,5.6,2.9,1,2024-25
Kawhi Leonard,LAC,SAS,2025-01-08,LAC vs SAS,L,34.9,29.6,13,30,0.433,2,7,0.286,7.8,5.3,2.9,0.0,0.0,13.0,1,2024-25
Kawhi Leonard,LAC,LAL,2025-01-11,LAC @ LAL,L,37.1,22.6,11,22,0.5,1,3,0.333,7.4,5.3,1.7,0.6,3.0,0.9,0,2024-25
Kawhi Leonard,LAC,POR,2025-01-14,LAC vs POR,W,36.3,28.3,13,28,0.464,1,5,0.2,5.2,1.8,2.5,0.6,2.0,6.4,1,2024-25
Kawhi Leonard,LAC,CLE,2025-01-17,LAC @ CLE,L,29.2,24.3,13,26,0.5,1,5,0.2,2.2,2.1,2.2,0.7,3.4,2.7,0,2024-25
Jimmy Butler,MIA,NYK,2024-10-22,MIA vs NYK,L,31.6,23.1,10,23,0.435,3,9,0.333,6.5,7.9,0.8,0.5,2.3,-3.8,1,2024-25
Jimmy Butler,MIA,CHA,2024-10-25,MIA vs CHA,W,30.6,15.0,5,13,0.385,2,6,0.333,3.3,4.0,2.5,0.6,1.6,0.5,1,2024-25
Jimmy Butler,MIA,CLE,2024-10-28,MIA @ CLE,L,29.6,20.6,11,22,0.5,2,9,0.222,8.0,3.7,1.1,0.2,1.6,3.1,0,2024-25
Jimmy Butler,MIA,DET,2024-10-31,MIA @ DET,W,29.4,25.8,10,25,0.4,2,6,0.333,0.0,3.8,1.3,0.0,1.5,10.7,0,2024-25
Jimmy Butler,MIA,MEM,2024-11-03,MIA @ MEM,L,28.9,24.3,12,25,0.48,1,5,0.2,9.9,2.0,2.0,0.0,2.2,-8.7,0,2024-25
Jimmy Butler,MIA,SAC,2024-11-06,MIA @ SAC,L,32.2,23.7,12,25,0.48,2,9,0.222,2.0,0.0,1.3,1.3,5.7,3.8,0,2024-25
Jimmy Butler,MIA,MIN,2024-11-09,MIA vs MIN,L,36.8,24.3,13,25,0.52,1,4,0.25,6.8,4.1,0.7,0.0,2.5,2.1,1,2024-25
Jimmy Butler,MIA,DEN,2024-11-12,MIA vs DEN,L,29.0,29.7,16,30,0.533,3,9,0.333,6.7,6.0,0.9,0.6,4.7,-0.7,1,2024-25
Jimmy Butler,MIA,LAC,2024-11-15,MIA @ LAC,W,30.1,22.9,11,21,0.524,0,2,0.0,0.5,6.5,0.8,1.0,3.6,-5.6,0,2024-25
Jimmy Butler,MIA,MIL,2024-11-18,MIA @ MIL,W,37.8,34.1,14,35,0.4,0,2,0.0,0.0,4.8,0.9,0.0,2.5,2.2,0,2024-25
Jimmy Butler,MIA,CLE,2024-11-21,MIA @ CLE,L,28.3,22.3,8,21,0.381,2,7,0.286,4.1,7.2,1.2,1.4,0.5,-1.5,0,2024-25
Jimmy Butler,MIA,OKC,2024-11-24,MIA vs OKC,W,33.9,20.3,7,18,0.389,1,5,0.2,9.8,2.6,1.1,0.3,2.9,-0.5,1,2024-25
Jimmy Butler,MIA,DAL,2024-11-27,MIA @ DAL,L,36.1,21.8,13,24,0.542,2,7,0.286,2.9,4.1,1.4,0.0,0.7,7.1,0,2024-25
Jimmy Butler,MIA,WAS,2024-11-30,MIA @ WAS,L,33.6,15.8,6,14,0.429,2,7,0.286,0.0,6.7,1.2,0.3,3.7,16.8,0,2024-25
Jimmy Butler,MIA,PHX,2024-12-03,MIA @ PHX,W,30.7,19.9,10,22,0.455,0,2,0.0,2.2,7.4,1.9,0.0,1.6,9.2,0,2024-25
Jimmy Butler,MIA,NYK,2024-12-06,MIA @ NYK,L,36.4,30.7,14,30,0.467,1,4,0.25,3.2,1.2,0.0,0.3,1.0,3.5,0,2024-25
Jimmy Butler,MIA,LAC,2024-12-09,MIA @ LAC,W,35.2,31.3,16,29,0.552,2,7,0.286,7.6,5.7,0.0,1.8,2.4,-4.0,0,2024-25
Jimmy Butler,MIA,LAL,2024-12-12,MIA vs LAL,W,28.7,15.9,8,16,0.5,2,7,0.286,1.2,6.2,1.2,0.9,2.7,-12.5,1,2024-25
Jimmy Butler,MIA,MIL,2024-12-15,MIA @ MIL,W,31.6,24.9,9,23,0.391,1,3,0.333,2.2,1.9,1.7,0.2,1.5,-0.8,0,2024-25
Jimmy Butler,MIA,HOU,2024-12-18,MIA @ HOU,L,37.3,31.7,13,32,0.406,3,7,0.429,2.2,0.6,1.3,0.5,3.3,-10.5,0,2024-25
Jimmy Butler,MIA,POR,2024-12-21,MIA @ POR,L,36.2,25.3,15,27,0.556,1,4,0.25,6.7,4.8,1.5,0.7,0.0,13.9,0,2024-25
Jimmy Butler,MIA,SAC,2024-12-24,MIA vs SAC,W,30.0,25.2,12,27,0.444,0,2,0.0,7.3,7.5,1.4,0.6,2.4,-0.6,1,2024-25
Jimmy Butler,MIA,CHA,2024-12-27,MIA @ CHA,W,36.1,29.9,16,31,0.516,2,7,0.286,4.7,7.0,0.5,0.2,1.6,5.5,0,2024-25
Jimmy Butler,MIA,LAC,2024-12-30,MIA @ LAC,W,33.3,29.8,12,30,0.4,1,4,0.25,5.5,4.1,1.1,0.9,3.4,5.4,0,2024-25
Jimmy Butler,MIA,LAC,2025-01-02,MIA vs LAC,L,37.5,30.1,13,28,0.464,1,5,0.2,7.3,6.2,0.7,1.4,3.3,1.3,1,2024-25
Jimmy Butler,MIA,HOU,2025-01-05,MIA @ HOU,W,37.6,12.7,4,11,0.364,2,7,0.286,1.7,0.0,2.0,0.0,2.3,27.9,0,2024-25
Jimmy Butler,MIA,LAL,2025-01-08,MIA @ LAL,W,32.0,26.9,10,25,0.4,2,7,0.286,8.2,5.0,1.1,0.6,2.8,-1.3,0,2024-25
Jimmy Butler,MIA,PHI,2025-01-11,MIA @ PHI,W,28.3,26.9,13,27,0.481,1,5,0.2,7.1,2.4,1.1,0.4,0.2,-8.8,0,2024-25
Jimmy Butler,MIA,MIN,2025-01-14,MIA @ MIN,L,28.0,31.7,19,34,0.559,3,9,0.333,7.8,5.1,1.5,0.5,2.0,3.7,0,2024-25
Jimmy Butler,MIA,IND,2025-01-17,MIA vs IND,W,36.8,20.6,9,20,0.45,2,7,0.286,8.1,5.6,1.8,0.5,2.1,2.5,1,2024-25
Donovan Mitchell,CLE,POR,2024-10-22,CLE vs POR,W,33.3,31.5,17,32,0.531,1,4,0.25,2.5,0.0,2.0,0.1,2.1,4.9,1,2024-25
Donovan Mitchell,CLE,BOS,2024-10-25,CLE @ BOS,W,29.5,27.7,12,29,0.414,1,5,0.2,4.3,3.9,1.2,1.0,2.0,-1.3,0,2024-25
Donovan Mitchell,CLE,WAS,2024-10-28,CLE @ WAS,L,32.0,26.8,12,28,0.429,2,7,0.286,5.4,2.3,0.8,0.2,2.9,6.6,0,2024-25
Donovan Mitchell,CLE,IND,2024-10-31,CLE @ IND,W,28.4,17.2,8,17,0.471,1,6,0.167,2.0,1.2,2.7,0.5,4.3,-3.4,0,2024-25
Donovan Mitchell,CLE,MIL,2024-11-03,CLE @ MIL,W,35.2,28.1,14,26,0.538,0,2,0.0,4.6,6.9,1.5,0.0,1.9,26.5,0,2024-25
Donovan Mitchell,CLE,CHA,2024-11-06,CLE @ CHA,W,37.0,34.2,14,36,0.389,1,4,0.25,4.2,2.8,2.0,0.4,4.5,3.3,0,2024-25
Donovan Mitchell,CLE,OKC,2024-11-09,CLE @ OKC,W,30.6,26.4,12,26,0.462,1,3,0.333,1.9,7.6,0.3,0.0,3.3,5.2,0,2024-25
Donovan Mitchell,CLE,CHI,2024-11-12,CLE @ CHI,W,35.6,34.8,15,34,0.441,3,9,0.333,7.3,3.4,0.4,0.4,4.2,-3.6,0,2024-25
Donovan Mitchell,CLE,PHX,2024-11-15,CLE @ PHX,W,36.8,32.9,16,31,0.516,0,3,0.0,1.9,6.4,1.4,0.0,0.5,13.7,0,2024-25
Donovan Mitchell,CLE,SAC,2024-11-18,CLE vs SAC,W,35.1,13.9,6,12,0.5,1,5,0.2,2.6,5.5,1.3,0.0,2.3,3.6,1,2024-25
Donovan Mitchell,CLE,ORL,2024-11-21,CLE vs ORL,W,32.4,31.8,12,31,0.387,2,6,0.333,0.8,11.1,1.0,0.7,2.8,9.4,1,2024-25
Donovan Mitchell,CLE,PHI,2024-11-24,CLE @ PHI,W,34.6,35.4,16,34,0.471,2,6,0.333,3.5,4.7,0.2,0.8,2.8,15.5,0,2024-25
Donovan Mitchell,CLE,SAC,2024-11-27,CLE @ SAC,W,28.1,25.0,9,24,0.375,2,7,0.286,3.9,0.5,1.3,0.0,2.5,12.3,0,2024-25
Donovan Mitchell,CLE,WAS,2024-11-30,CLE @ WAS,L,34.0,22.1,9,24,0.375,3,9,0.333,0.0,7.8,1.7,0.2,4.0,1.0,0,2024-25
Donovan Mitchell,CLE,PHI,2024-12-03,CLE vs PHI,W,31.0,23.7,13,26,0.5,1,5,0.2,1.8,1.9,1.6,0.3,2.0,-0.7,1,2024-25
Donovan Mitchell,CLE,MEM,2024-12-06,CLE @ MEM,L,31.2,18.7,10,19,0.526,3,9,0.333,4.0,3.1,0.9,0.7,3.6,0.6,0,2024-25
Donovan Mitchell,CLE,ORL,2024-12-09,CLE @ ORL,L,32.6,19.3,9,17,0.529,1,4,0.25,0.0,6.0,0.8,1.0,1.4,9.8,0,2024-25
Donovan Mitchell,CLE,PHI,2024-12-12,CLE vs PHI,L,31.7,12.4,4,11,0.364,2,9,0.222,11.8,4.1,1.9,0.0,2.9,0.1,1,2024-25
Donovan Mitchell,CLE,MIN,2024-12-15,CLE vs MIN,L,34.2,20.7,10,20,0.5,4,9,0.444,2.6,5.6,1.2,0.4,1.9,-0.5,1,2024-25
Donovan Mitchell,CLE,WAS,2024-12-18,CLE vs WAS,L,34.4,18.2,8,17,0.471,2,7,0.286,6.6,4.0,0.8,0.8,1.8,-14.4,1,2024-25
Donovan Mitchell,CLE,GSW,2024-12-21,CLE vs GSW,W,30.3,21.2,9,19,0.474,0,2,0.0,3.3,2.3,1.3,0.9,1.7,-8.3,1,2024-25
Donovan Mitchell,CLE,NYK,2024-12-24,CLE @ NYK,L,35.0,12.2,6,12,0.5,3,7,0.429,7.2,0.8,1.2,0.0,2.9,5.1,0,2024-25
Donovan Mitchell,CLE,MIN,2024-12-27,CLE vs MIN,L,28.1,26.5,14,25,0.56,3,9,0.333,7.9,5.9,0.9,0.2,1.9,-5.5,1,2024-25
Donovan Mitchell,CLE,IND,2024-12-30,CLE vs IND,W,29.6,26.9,13,29,0.448,1,4,0.25,3.5,5.2,0.0,0.0,2.6,14.8,1,2024-25
Donovan Mitchell,CLE,OKC,2025-01-02,CLE @ OKC,W,33.0,20.6,8,19,0.421,2,6,0.333,0.8,7.7,1.3,0.4,0.6,11.5,0,2024-25
Donovan Mitchell,CLE,DET,2025-01-05,CLE @ DET,W,36.6,18.3,8,20,0.4,1,5,0.2,1.9,6.6,0.0,0.1,3.5,2.5,0,2024-25
Donovan Mitchell,CLE,BOS,2025-01-08,CLE vs BOS,W,35.0,22.0,10,21,0.476,2,8,0.25,3.9,7.2,1.5,0.1,3.2,-2.3,1,2024-25
Donovan Mitchell,CLE,GSW,2025-01-11,CLE vs GSW,L,36.3,24.9,13,27,0.481,2,6,0.333,6.9,4.0,2.5,0.3,2.3,8.5,1,2024-25
Donovan Mitchell,CLE,PHI,2025-01-14,CLE @ PHI,L,36.7,28.4,11,28,0.393,2,7,0.286,0.4,3.7,0.8,0.0,4.1,7.1,0,2024-25
Donovan Mitchell,CLE,CHI,2025-01-17,CLE @ CHI,W,32.2,34.6,19,34,0.559,2,7,0.286,0.0,3.3,0.9,0.5,2.4,7.4,0,2024-25
Tyrese Haliburton,IND,CLE,2024-10-22,IND vs CLE,L,34.6,15.9,8,15,0.533,1,3,0.333,4.0,8.9,0.6,1.1,2.7,-2.4,1,2024-25
Tyrese Haliburton,IND,ATL,2024-10-25,IND vs ATL,W,29.7,25.5,12,26,0.462,1,3,0.333,3.9,5.8,0.5,1.3,2.4,-6.4,1,2024-25
Tyrese Haliburton,IND,SAS,2024-10-28,IND @ SAS,W,29.3,23.9,12,23,0.522,1,6,0.167,6.6,5.8,0.5,1.4,4.3,2.0,0,2024-25
Tyrese Haliburton,IND,NYK,2024-10-31,IND @ NYK,L,35.5,24.6,12,23,0.522,1,4,0.25,8.1,3.5,1.5,0.8,3.6,-5.9,0,2024-25
Tyrese Haliburton,IND,MIA,2024-11-03,IND vs MIA,L,32.9,28.0,14,29,0.483,2,7,0.286,4.1,7.8,0.3,0.3,2.9,13.4,1,2024-25
Tyrese Haliburton,IND,BOS,2024-11-06,IND @ BOS,L,31.4,31.4,12,29,0.414,3,9,0.333,11.6,1.8,0.1,1.1,4.4,-3.9,0,2024-25
Tyrese Haliburton,IND,HOU,2024-11-09,IND @ HOU,L,30.5,27.1,14,29,0.483,2,9,0.222,5.0,13.8,1.6,0.5,3.2,8.7,0,2024-25
Tyrese Haliburton,IND,POR,2024-11-12,IND @ POR,L,31.1,24.0,11,22,0.5,2,8,0.25,4.3,7.1,1.8,0.0,3.3,0.0,0,2024-25
Tyrese Haliburton,IND,UTA,2024-11-15,IND vs UTA,W,35.2,28.5,15,30,0.5,4,9,0.444,1.1,2.3,2.2,0.8,1.3,9.1,1,2024-25
Tyrese Haliburton,IND,MIA,2024-11-18,IND vs MIA,W,31.6,29.8,16,30,0.533,2,7,0.286,3.1,7.9,2.0,0.3,3.9,-11.0,1,2024-25
Tyrese Haliburton,IND,PHI,2024-11-21,IND vs PHI,W,36.6,32.0,14,34,0.412,3,9,0.333,3.1,6.2,0.4,0.9,0.1,9.7,1,2024-25
Tyrese Haliburton,IND,PHI,2024-11-24,IND vs PHI,L,35.7,27.4,12,26,0.462,1,4,0.25,3.4,5.1,0.0,0.3,3.4,9.9,1,2024-25
Tyrese Haliburton,IND,DAL,2024-11-27,IND @ DAL,W,30.8,22.4,10,24,0.417,3,9,0.333,9.3,9.4,1.9,0.5,1.9,10.5,0,2024-25
Tyrese Haliburton,IND,MIL,2024-11-30,IND vs MIL,W,29.5,25.3,15,27,0.556,3,9,0.333,6.9,6.3,1.4,0.0,3.3,2.4,1,2024-25
Tyrese Haliburton,IND,MIN,2024-12-03,IND @ MIN,L,36.7,11.7,4,9,0.444,0,3,0.0,3.5,11.6,1.9,0.9,3.4,8.2,0,2024-25
Tyrese Haliburton,IND,ORL,2024-12-06,IND vs ORL,L,31.9,24.1,11,23,0.478,1,6,0.167,6.6,9.4,1.1,0.0,5.5,-5.7,1,2024-25
Tyrese Haliburton,IND,SAS,2024-12-09,IND vs SAS,W,31.2,21.9,11,21,0.524,2,6,0.333,9.2,8.3,1.5,0.7,4.3,-1.4,1,2024-25
Tyrese Haliburton,IND,NOP,2024-12-12,IND vs NOP,W,37.3,26.0,11,24,0.458,1,5,0.2,0.5,3.1,0.5,0.5,4.7,10.0,1,2024-25
Tyrese Haliburton,IND,MIN,2024-12-15,IND vs MIN,W,34.8,26.1,12,24,0.5,0,2,0.0,0.5,6.5,1.3,0.3,3.2,-1.5,1,2024-25
Tyrese Haliburton,IND,DEN,2024-12-18,IND @ DEN,W,32.8,21.4,10,19,0.526,1,4,0.25,6.3,7.7,1.4,0.5,2.5,-13.7,0,2024-25
Tyrese Haliburton,IND,TOR,2024-12-21,IND @ TOR,L,29.8,20.3,8,21,0.381,0,3,0.0,3.6,4.4,1.9,0.0,2.9,3.3,0,2024-25
Tyrese Haliburton,IND,GSW,2024-12-24,IND vs GSW,W,37.6,24.1,13,24,0.542,0,2,0.0,5.2,9.8,1.8,0.0,1.3,2.3,1,2024-25
Tyrese Haliburton,IND,PHI,2024-12-27,IND @ PHI,W,33.1,25.7,13,27,0.481,1,6,0.167,10.6,11.3,1.4,0.5,1.4,-0.4,0,2024-25
Tyrese Haliburton,IND,DET,2024-12-30,IND vs DET,L,37.0,35.7,20,36,0.556,1,3,0.333,2.4,5.4,0.7,0.4,2.6,5.6,1,2024-25
Tyrese Haliburton,IND,CLE,2025-01-02,IND @ CLE,L,35.2,25.3,9,24,0.375,2,7,0.286,3.9,5.6,0.9,0.9,2.0,-0.2,0,2024-25
Tyrese Haliburton,IND,MIN,2025-01-05,IND vs MIN,W,29.7,25.9,13,27,0.481,4,9,0.444,8.8,4.5,0.7,0.0,0.1,4.1,1,2024-25
Tyrese Haliburton,IND,MIN,2025-01-08,IND vs MIN,W,28.9,18.2,6,16,0.375,3,7,0.429,10.7,4.8,2.6,0.3,2.3,-5.2,1,2024-25
Tyrese Haliburton,IND,UTA,2025-01-11,IND @ UTA,W,34.8,28.9,12,28,0.429,3,9,0.333,9.9,3.6,1.7,0.7,3.9,3.5,0,2024-25
Tyrese Haliburton,IND,ORL,2025-01-14,IND vs ORL,W,36.0,20.9,10,23,0.435,2,7,0.286,4.8,12.3,1.9,0.0,1.8,-11.5,1,2024-25
Tyrese Haliburton,IND,TOR,2025-01-17,IND vs TOR,W,29.4,21.5,9,19,0.474,2,7,0.286,10.8,4.2,1.8,1.0,0.0,-1.9,1,2024-25
Shai Gilgeous-Alexander,OKC,DAL,2024-10-22,OKC vs DAL,L,34.3,24.1,8,22,0.364,2,9,0.222,4.5,8.1,1.0,0.8,1.3,-7.7,1,2024-25
Shai Gilgeous-Alexander,OKC,IND,2024-10-25,OKC vs IND,W,35.2,33.3,17,35,0.486,3,8,0.375,7.0,4.8,1.2,1.4,3.1,-3.7,1,2024-25
Shai Gilgeous-Alexander,OKC,NOP,2024-10-28,OKC vs NOP,W,34.7,19.5,7,18,0.389,1,5,0.2,11.7,7.3,0.0,0.1,5.0,-4.7,1,2024-25
Shai Gilgeous-Alexander,OKC,PHI,2024-10-31,OKC @ PHI,W,33.1,14.5,6,14,0.429,2,7,0.286,6.1,2.6,1.1,0.6,2.8,7.6,0,2024-25
Shai Gilgeous-Alexander,OKC,TOR,2024-11-03,OKC @ TOR,W,34.8,31.2,15,29,0.517,1,4,0.25,3.3,3.9,0.8,0.0,1.5,-14.3,0,2024-25
Shai Gilgeous-Alexander,OKC,DEN,2024-11-06,OKC @ DEN,L,37.2,15.6,7,14,0.5,0,2,0.0,2.1,0.0,0.0,0.0,1.4,1.7,0,2024-25
Shai Gilgeous-Alexander,OKC,TOR,2024-11-09,OKC vs TOR,W,37.8,24.6,12,25,0.48,1,5,0.2,11.1,3.5,1.3,0.6,2.8,5.2,1,2024-25
Shai Gilgeous-Alexander,OKC,NYK,2024-11-12,OKC @ NYK,L,37.5,21.2,8,19,0.421,3,9,0.333,0.4,3.7,0.6,0.7,0.6,5.8,0,2024-25
Shai Gilgeous-Alexander,OKC,MIN,2024-11-15,OKC @ MIN,L,30.3,18.8,11,20,0.55,2,7,0.286,0.6,0.6,0.4,0.0,3.6,15.0,0,2024-25
Shai Gilgeous-Alexander,OKC,UTA,2024-11-18,OKC @ UTA,W,37.8,27.2,10,26,0.385,2,8,0.25,10.2,5.8,0.7,0.3,1.8,13.1,0,2024-25
Shai Gilgeous-Alexander,OKC,MIL,2024-11-21,OKC vs MIL,L,31.7,35.0,15,36,0.417,3,8,0.375,3.7,0.0,1.4,0.4,2.7,3.4,1,2024-25
Shai Gilgeous-Alexander,OKC,NYK,2024-11-24,OKC @ NYK,W,35.1,23.7,10,22,0.455,2,8,0.25,5.3,6.5,1.7,1.4,5.1,3.6,0,2024-25
Shai Gilgeous-Alexander,OKC,POR,2024-11-27,OKC vs POR,W,34.5,25.6,10,25,0.4,3,8,0.375,9.9,4.5,2.0,0.0,1.8,-13.9,1,2024-25
Shai Gilgeous-Alexander,OKC,MIL,2024-11-30,OKC vs MIL,L,30.7,29.4,14,29,0.483,2,7,0.286,2.1,0.7,1.7,0.6,0.7,-4.2,1,2024-25
Shai Gilgeous-Alexander,OKC,IND,2024-12-03,OKC vs IND,L,32.3,24.6,11,25,0.44,3,9,0.333,9.4,0.2,2.0,0.2,1.7,8.3,1,2024-25
Shai Gilgeous-Alexander,OKC,CLE,2024-12-06,OKC vs CLE,W,34.0,12.3,6,12,0.5,0,2,0.0,2.0,1.7,1.4,0.0,2.2,-6.7,1,2024-25
Shai Gilgeous-Alexander,OKC,DEN,2024-12-09,OKC vs DEN,W,37.4,25.9,10,24,0.417,1,4,0.25,5.6,6.8,1.4,0.2,2.8,-1.1,1,2024-25
Shai Gilgeous-Alexander,OKC,WAS,2024-12-12,OKC vs WAS,W,31.6,31.7,17,32,0.531,3,8,0.375,5.5,5.5,0.4,0.0,2.9,-5.0,1,2024-25
Shai Gilgeous-Alexander,OKC,GSW,2024-12-15,OKC vs GSW,L,30.2,29.8,13,28,0.464,3,8,0.375,6.4,0.2,0.0,1.3,2.6,-1.9,1,2024-25
Shai Gilgeous-Alexander,OKC,MIA,2024-12-18,OKC vs MIA,W,31.3,27.5,14,29,0.483,2,5,0.4,5.6,4.5,2.4,0.2,3.8,4.9,1,2024-25
Shai Gilgeous-Alexander,OKC,IND,2024-12-21,OKC @ IND,W,33.6,21.4,12,23,0.522,1,5,0.2,4.2,6.2,1.7,0.3,3.5,-3.6,0,2024-25
Shai Gilgeous-Alexander,OKC,DET,2024-12-24,OKC vs DET,W,33.8,24.1,12,25,0.48,1,4,0.25,5.2,3.1,1.3,0.4,5.7,14.9,1,2024-25
Shai Gilgeous-Alexander,OKC,TOR,2024-12-27,OKC @ TOR,W,29.9,19.4,11,20,0.55,2,7,0.286,0.0,6.3,1.5,0.0,1.8,9.7,0,2024-25
Shai Gilgeous-Alexander,OKC,DET,2024-12-30,OKC vs DET,W,29.6,23.7,14,25,0.56,2,5,0.4,13.2,2.0,2.4,1.0,2.0,3.0,1,2024-25
Shai Gilgeous-Alexander,OKC,DET,2025-01-02,OKC @ DET,L,30.1,13.7,6,11,0.545,3,8,0.375,4.6,5.2,1.1,0.8,2.9,4.4,0,2024-25
Shai Gilgeous-Alexander,OKC,WAS,2025-01-05,OKC @ WAS,W,30.1,23.2,10,24,0.417,0,2,0.0,3.9,4.1,0.1,0.0,2.3,3.8,0,2024-25
Shai Gilgeous-Alexander,OKC,POR,2025-01-08,OKC @ POR,W,34.8,20.1,12,21,0.571,0,2,0.0,2.6,6.4,1.7,0.3,1.1,-10.5,0,2024-25
Shai Gilgeous-Alexander,OKC,TOR,2025-01-11,OKC @ TOR,W,32.7,27.2,14,25,0.56,2,6,0.333,0.8,1.3,1.2,0.9,1.0,6.0,0,2024-25
Shai Gilgeous-Alexander,OKC,POR,2025-01-14,OKC @ POR,W,35.3,30.3,15,29,0.517,1,4,0.25,7.4,2.6,1.4,0.4,2.6,-1.4,0,2024-25
Shai Gilgeous-Alexander,OKC,PHI,2025-01-17,OKC @ PHI,W,34.1,28.2,10,26,0.385,1,6,0.167,3.7,8.2,0.9,0.0,3.5,-4.4,0,2024-25
Jalen Brunson,NYK,GSW,2024-10-22,NYK vs GSW,L,37.7,21.3,11,22,0.5,2,7,0.286,5.6,6.4,0.3,0.5,1.5,8.3,1,2024-25
Jalen Brunson,NYK,DAL,2024-10-25,NYK @ DAL,W,30.9,34.6,18,34,0.529,0,3,0.0,6.3,6.6,0.0,0.9,2.3,5.9,0,2024-25
Jalen Brunson,NYK,DET,2024-10-28,NYK @ DET,L,35.3,20.8,8,19,0.421,1,5,0.2,5.8,7.2,1.0,0.6,2.0,2.5,0,2024-25
Jalen Brunson,NYK,DET,2024-10-31,NYK vs DET,W,31.9,29.5,15,29,0.517,1,3,0.333,5.7,5.5,1.2,0.0,3.6,-4.6,1,2024-25
Jalen Brunson,NYK,DET,2024-11-03,NYK vs DET,L,28.5,21.9,11,24,0.458,3,9,0.333,0.0,4.9,0.6,0.0,2.9,3.0,1,2024-25
Jalen Brunson,NYK,MIA,2024-11-06,NYK vs MIA,L,28.1,21.2,12,23,0.522,2,6,0.333,0.0,6.8,0.0,0.3,4.2,-6.2,1,2024-25
Jalen Brunson,NYK,MEM,2024-11-09,NYK @ MEM,L,32.3,30.7,17,33,0.515,0,2,0.0,8.4,4.5,0.0,1.0,1.7,0.8,0,2024-25
Jalen Brunson,NYK,OKC,2024-11-12,NYK vs OKC,L,37.9,28.3,11,27,0.407,1,4,0.25,6.4,10.5,2.1,0.8,3.3,16.6,1,2024-25
Jalen Brunson,NYK,LAC,2024-11-15,NYK vs LAC,W,28.6,19.9,8,21,0.381,0,2,0.0,0.0,5.9,1.2,0.0,2.7,0.5,1,2024-25
Jalen Brunson,NYK,CLE,2024-11-18,NYK @ CLE,L,33.7,28.0,16,30,0.533,3,9,0.333,8.3,6.8,0.7,0.2,2.8,11.7,0,2024-25
Jalen Brunson,NYK,GSW,2024-11-21,NYK vs GSW,L,19.4,9.3,4,11,0.364,1,4,0.25,5.1,7.2,2.3,0.0,4.1,-5.1,1,2024-25
Jalen Brunson,NYK,NOP,2024-11-24,NYK @ NOP,W,30.0,29.0,14,28,0.5,2,7,0.286,10.3,6.5,1.8,0.8,3.3,-1.1,0,2024-25
Jalen Brunson,NYK,CLE,2024-11-27,NYK @ CLE,L,32.1,26.1,13,27,0.481,2,5,0.4,0.0,3.9,1.7,0.0,3.5,7.3,0,2024-25
Jalen Brunson,NYK,POR,2024-11-30,NYK @ POR,W,31.0,21.8,9,21,0.429,1,4,0.25,6.8,9.7,2.2,0.5,0.2,2.6,0,2024-25
Jalen Brunson,NYK,SAC,2024-12-03,NYK @ SAC,W,32.3,29.7,13,31,0.419,2,8,0.25,3.9,8.7,2.8,0.1,5.1,2.9,0,2024-25
Jalen Brunson,NYK,ORL,2024-12-06,NYK vs ORL,L,36.1,29.8,16,30,0.533,1,6,0.167,7.1,2.8,1.5,0.4,2.7,-1.9,1,2024-25
Jalen Brunson,NYK,MIL,2024-12-09,NYK @ MIL,L,37.7,14.9,6,15,0.4,1,4,0.25,1.6,8.8,1.0,0.6,0.5,0.5,0,2024-25
Jalen Brunson,NYK,GSW,2024-12-12,NYK @ GSW,L,35.4,18.9,8,18,0.444,2,7,0.286,5.8,5.8,1.0,0.0,1.1,0.6,0,2024-25
Jalen Brunson,NYK,OKC,2024-12-15,NYK @ OKC,W,35.0,29.1,15,30,0.5,0,2,0.0,7.2,5.0,0.1,0.7,2.8,4.6,0,2024-25
Jalen Brunson,NYK,PHX,2024-12-18,NYK vs PHX,L,34.9,14.8,7,15,0.467,2,8,0.25,5.6,8.1,1.5,0.0,1.2,3.8,1,2024-25
Jalen Brunson,NYK,ATL,2024-12-21,NYK vs ATL,W,37.9,21.5,10,21,0.476,2,6,0.333,7.4,5.1,0.0,0.4,3.9,3.9,1,2024-25
Jalen Brunson,NYK,SAC,2024-12-24,NYK @ SAC,W,34.7,18.4,7,16,0.438,1,6,0.167,4.6,10.0,1.4,0.1,0.8,2.6,0,2024-25
Jalen Brunson,NYK,OKC,2024-12-27,NYK @ OKC,W,34.3,18.2,10,19,0.526,1,4,0.25,3.7,6.2,1.6,0.0,2.0,15.4,0,2024-25
Jalen Brunson,NYK,LAL,2024-12-30,NYK @ LAL,W,33.4,28.3,16,30,0.533,3,8,0.375,0.0,3.5,0.7,0.0,2.1,-0.7,0,2024-25
Jalen Brunson,NYK,WAS,2025-01-02,NYK @ WAS,W,28.8,13.9,6,13,0.462,3,9,0.333,6.9,10.5,1.0,0.4,2.1,-3.6,0,2024-25
Jalen Brunson,NYK,BOS,2025-01-05,NYK vs BOS,W,33.1,27.0,15,29,0.517,1,5,0.2,3.9,7.6,1.7,0.9,3.6,10.2,1,2024-25
Jalen Brunson,NYK,IND,2025-01-08,NYK vs IND,L,28.1,25.9,15,26,0.577,2,7,0.286,6.6,6.7,0.9,1.3,1.1,-19.1,1,2024-25
Jalen Brunson,NYK,BOS,2025-01-11,NYK vs BOS,W,29.7,30.4,14,31,0.452,3,9,0.333,9.8,6.0,0.8,0.0,3.4,7.1,1,2024-25
Jalen Brunson,NYK,OKC,2025-01-14,NYK @ OKC,W,31.2,27.0,13,28,0.464,1,3,0.333,7.9,8.7,0.7,0.0,2.0,3.5,0,2024-25
Jalen Brunson,NYK,ORL,2025-01-17,NYK vs ORL,W,31.1,28.5,15,28,0.536,1,3,0.333,1.5,9.0,1.9,0.2,1.6,12.2,1,2024-25
Anthony Edwards,MIN,OKC,2024-10-22,MIN vs OKC,L,34.2,14.1,7,15,0.467,1,3,0.333,10.5,0.4,0.6,0.0,1.8,-5.3,1,2024-25
Anthony Edwards,MIN,PHI,2024-10-25,MIN @ PHI,W,31.3,20.9,8,21,0.381,3,7,0.429,8.3,6.1,0.9,0.9,2.7,-1.8,0,2024-25
Anthony Edwards,MIN,CLE,2024-10-28,MIN @ CLE,W,33.1,25.6,12,26,0.462,2,7,0.286,8.0,0.0,0.9,0.1,3.5,8.7,0,2024-25
Anthony Edwards,MIN,WAS,2024-10-31,MIN @ WAS,W,32.9,18.9,9,20,0.45,2,7,0.286,1.2,8.1,1.9,0.0,2.8,12.8,0,2024-25
Anthony Edwards,MIN,DEN,2024-11-03,MIN vs DEN,L,28.2,32.4,17,34,0.5,3,9,0.333,6.5,5.4,0.7,0.0,2.1,10.8,1,2024-25
Anthony Edwards,MIN,CLE,2024-11-06,MIN vs CLE,L,37.0,29.0,12,31,0.387,3,9,0.333,3.7,3.8,1.3,1.1,1.0,-3.3,1,2024-25
Anthony Edwards,MIN,NYK,2024-11-09,MIN vs NYK,W,33.3,26.0,11,28,0.393,1,5,0.2,5.9,5.4,0.9,0.1,2.4,9.4,1,2024-25
Anthony Edwards,MIN,ORL,2024-11-12,MIN vs ORL,W,36.9,24.7,14,26,0.538,0,3,0.0,3.5,4.3,0.3,0.7,2.4,10.3,1,2024-25
Anthony Edwards,MIN,ORL,2024-11-15,MIN vs ORL,W,31.1,25.1,10,23,0.435,2,7,0.286,3.5,1.5,1.3,0.2,2.7,3.2,1,2024-25
Anthony Edwards,MIN,NOP,2024-11-18,MIN vs NOP,W,35.8,27.3,12,25,0.48,2,8,0.25,5.4,5.4,0.2,0.6,1.8,-11.8,1,2024-25
Anthony Edwards,MIN,LAC,2024-11-21,MIN @ LAC,W,36.9,17.6,8,19,0.421,1,5,0.2,5.6,1.7,0.8,0.3,3.8,-6.3,0,2024-25
Anthony Edwards,MIN,NYK,2024-11-24,MIN vs NYK,L,37.5,21.7,10,21,0.476,0,2,0.0,4.1,6.5,2.1,0.6,2.7,4.8,1,2024-25
Anthony Edwards,MIN,SAC,2024-11-27,MIN @ SAC,W,30.4,21.4,9,19,0.474,0,2,0.0,9.0,5.8,0.8,0.8,2.3,16.1,0,2024-25
Anthony Edwards,MIN,DET,2024-11-30,MIN @ DET,L,32.3,19.5,7,17,0.412,2,7,0.286,4.5,0.0,1.2,0.5,3.9,15.7,0,2024-25
Anthony Edwards,MIN,DET,2024-12-03,MIN vs DET,W,33.5,24.2,12,22,0.545,3,9,0.333,8.5,6.9,1.0,0.0,2.9,4.6,1,2024-25
Anthony Edwards,MIN,OKC,2024-12-06,MIN @ OKC,W,36.2,30.1,13,28,0.464,3,9,0.333,10.4,7.8,0.5,0.0,1.6,9.8,0,2024-25
Anthony Edwards,MIN,PHX,2024-12-09,MIN @ PHX,W,34.8,25.5,13,27,0.481,1,5,0.2,10.1,3.2,1.4,0.5,2.9,1.5,0,2024-25
Anthony Edwards,MIN,TOR,2024-12-12,MIN vs TOR,W,29.2,23.2,11,25,0.44,1,4,0.25,10.4,5.2,2.2,0.2,3.9,-0.0,1,2024-25
Anthony Edwards,MIN,SAC,2024-12-15,MIN vs SAC,L,31.6,33.0,15,34,0.441,1,3,0.333,2.3,4.4,0.4,0.0,0.6,5.5,1,2024-25
Anthony Edwards,MIN,MIA,2024-12-18,MIN vs MIA,W,36.5,26.4,10,26,0.385,1,4,0.25,5.5,7.3,0.9,0.0,1.3,4.5,1,2024-25
Anthony Edwards,MIN,CLE,2024-12-21,MIN @ CLE,W,34.8,22.9,10,23,0.435,2,6,0.333,5.3,6.4,2.0,0.2,1.4,2.9,0,2024-25
Anthony Edwards,MIN,TOR,2024-12-24,MIN @ TOR,W,38.0,29.9,16,31,0.516,2,5,0.4,2.6,3.3,1.2,0.7,5.4,3.4,0,2024-25
Anthony Edwards,MIN,GSW,2024-12-27,MIN @ GSW,L,31.8,18.4,10,19,0.526,2,6,0.333,3.9,7.8,1.5,1.3,3.1,11.5,0,2024-25
Anthony Edwards,MIN,ORL,2024-12-30,MIN vs ORL,L,35.1,25.0,11,24,0.458,3,8,0.375,0.0,1.3,1.4,0.0,2.6,8.3,1,2024-25
Anthony Edwards,MIN,POR,2025-01-02,MIN vs POR,L,34.1,30.4,17,32,0.531,2,6,0.333,8.0,1.2,0.3,0.0,2.1,0.5,1,2024-25
Anthony Edwards,MIN,SAC,2025-01-05,MIN vs SAC,W,36.1,27.3,10,25,0.4,2,8,0.25,5.3,5.5,1.2,0.0,2.0,3.0,1,2024-25
Anthony Edwards,MIN,DEN,2025-01-08,MIN vs DEN,L,36.6,22.1,11,22,0.5,2,6,0.333,1.4,3.4,0.0,0.7,3.3,-2.5,1,2024-25
Anthony Edwards,MIN,PHX,2025-01-11,MIN vs PHX,W,29.3,29.1,15,27,0.556,1,3,0.333,5.9,6.0,1.4,0.5,1.9,12.4,1,2024-25
Anthony Edwards,MIN,PHI,2025-01-14,MIN @ PHI,L,30.9,28.7,12,27,0.444,2,5,0.4,2.6,7.4,2.5,0.0,2.1,-15.8,0,2024-25
Anthony Edwards,MIN,DAL,2025-01-17,MIN @ DAL,L,29.5,12.3,4,10,0.4,2,6,0.333,4.0,9.8,1.3,0.4,2.2,13.2,0,2024-25
Paolo Banchero,ORL,POR,2024-10-22,ORL @ POR,L,28.2,14.9,6,15,0.4,0,2,0.0,0.0,4.6,1.8,0.0,1.4,12.7,0,2024-25
Paolo Banchero,ORL,OKC,2024-10-25,ORL @ OKC,W,36.3,28.2,11,28,0.393,0,1,0.0,3.8,2.6,0.7,0.0,3.3,21.3,0,2024-25
Paolo Banchero,ORL,GSW,2024-10-28,ORL @ GSW,W,37.5,14.2,5,12,0.417,1,3,0.333,5.1,6.9,0.3,0.7,0.5,-3.7,0,2024-25
Paolo Banchero,ORL,DET,2024-10-31,ORL vs DET,W,28.9,25.8,13,27,0.481,0,2,0.0,2.2,3.0,1.5,0.5,3.8,5.4,1,2024-25
Paolo Banchero,ORL,LAC,2024-11-03,ORL @ LAC,W,28.8,22.0,10,21,0.476,0,0,0.0,1.1,10.9,1.0,0.0,4.3,7.9,0,2024-25
Paolo Banchero,ORL,PHX,2024-11-06,ORL vs PHX,W,30.1,24.9,14,27,0.519,0,1,0.0,7.6,7.7,2.1,0.9,1.3,-6.4,1,2024-25
Paolo Banchero,ORL,LAL,2024-11-09,ORL @ LAL,L,28.1,30.1,11,29,0.379,0,2,0.0,6.2,6.9,1.3,0.0,3.3,4.6,0,2024-25
Paolo Banchero,ORL,CLE,2024-11-12,ORL @ CLE,L,33.2,21.1,10,21,0.476,0,2,0.0,10.9,2.4,1.6,0.6,2.5,7.8,0,2024-25
Paolo Banchero,ORL,NOP,2024-11-15,ORL @ NOP,W,30.2,18.6,10,20,0.5,1,3,0.333,1.7,2.7,1.4,0.9,3.6,-6.4,0,2024-25
Paolo Banchero,ORL,OKC,2024-11-18,ORL vs OKC,L,35.3,30.1,14,30,0.467,1,3,0.333,5.6,2.8,0.5,0.0,3.4,5.4,1,2024-25
Paolo Banchero,ORL,WAS,2024-11-21,ORL vs WAS,L,37.7,24.2,10,25,0.4,1,3,0.333,8.2,2.4,0.4,0.6,4.3,1.8,1,2024-25
Paolo Banchero,ORL,IND,2024-11-24,ORL vs IND,W,36.1,17.2,7,16,0.438,0,1,0.0,4.8,2.6,1.6,0.7,2.6,9.6,1,2024-25
Paolo Banchero,ORL,PHI,2024-11-27,ORL vs PHI,W,36.9,29.0,15,27,0.556,1,3,0.333,4.5,5.3,0.0,0.2,4.1,14.2,1,2024-25
Paolo Banchero,ORL,UTA,2024-11-30,ORL vs UTA,L,35.1,30.8,16,33,0.485,0,3,0.0,9.3,7.5,1.2,0.5,3.8,-9.0,1,2024-25
Paolo Banchero,ORL,NYK,2024-12-03,ORL vs NYK,W,36.6,36.9,18,36,0.5,0,3,0.0,1.9,3.3,0.9,0.7,0.4,16.1,1,2024-25
Paolo Banchero,ORL,UTA,2024-12-06,ORL vs UTA,L,30.4,25.3,11,27,0.407,1,3,0.333,6.7,6.3,1.4,1.4,2.3,-3.7,1,2024-25
Paolo Banchero,ORL,SAS,2024-12-09,ORL @ SAS,W,32.1,27.0,14,29,0.483,1,3,0.333,4.4,1.6,1.4,0.0,3.0,10.1,0,2024-25
Paolo Banchero,ORL,MIL,2024-12-12,ORL @ MIL,W,36.7,26.6,10,24,0.417,0,2,0.0,7.3,1.3,0.7,0.5,2.1,-5.9,0,2024-25
Paolo Banchero,ORL,MIL,2024-12-15,ORL @ MIL,W,28.9,23.7,10,23,0.435,0,0,0.0,2.3,1.2,0.9,0.3,1.7,-0.6,0,2024-25
Paolo Banchero,ORL,WAS,2024-12-18,ORL @ WAS,W,28.5,26.7,16,29,0.552,0,2,0.0,5.4,4.4,0.0,1.1,1.3,19.7,0,2024-25
Paolo Banchero,ORL,MIN,2024-12-21,ORL @ MIN,L,32.3,34.4,15,33,0.455,0,0,0.0,3.8,5.4,1.9,0.0,4.2,6.7,0,2024-25
Paolo Banchero,ORL,MEM,2024-12-24,ORL vs MEM,L,28.3,18.0,7,18,0.389,1,3,0.333,3.8,3.8,0.7,0.4,3.7,3.8,1,2024-25
Paolo Banchero,ORL,LAL,2024-12-27,ORL vs LAL,L,35.9,19.4,12,21,0.571,0,1,0.0,7.7,5.1,1.0,0.0,1.7,6.3,1,2024-25
Paolo Banchero,ORL,PHX,2024-12-30,ORL @ PHX,W,34.8,26.9,16,29,0.552,0,2,0.0,9.5,1.7,1.9,0.1,1.6,8.3,0,2024-25
Paolo Banchero,ORL,CHA,2025-01-02,ORL vs CHA,W,29.0,36.7,21,38,0.553,0,2,0.0,3.9,2.8,0.7,1.0,0.9,9.4,1,2024-25
Paolo Banchero,ORL,ATL,2025-01-05,ORL @ ATL,W,29.2,27.4,11,26,0.423,0,2,0.0,6.7,4.5,0.0,0.0,2.0,-12.8,0,2024-25
Paolo Banchero,ORL,SAS,2025-01-08,ORL vs SAS,L,29.9,35.3,16,34,0.471,0,0,0.0,4.3,8.6,2.0,0.3,2.0,11.2,1,2024-25
Paolo Banchero,ORL,LAC,2025-01-11,ORL vs LAC,W,30.4,29.8,14,32,0.438,0,2,0.0,3.6,2.9,1.5,0.7,1.3,16.8,1,2024-25
Paolo Banchero,ORL,LAL,2025-01-14,ORL @ LAL,L,35.6,32.4,14,30,0.467,0,1,0.0,3.6,4.8,0.8,0.8,1.8,14.3,0,2024-25
Paolo Banchero,ORL,CHI,2025-01-17,ORL @ CHI,W,32.5,22.4,11,20,0.55,1,3,0.333,6.3,0.4,0.2,0.6,3.1,12.6,0,2024-25
Victor Wembanyama,SAS,GSW,2024-10-22,SAS @ GSW,L,28.4,28.4,12,30,0.4,0,2,0.0,8.8,1.0,2.8,0.7,3.3,-6.6,0,2024-25
Victor Wembanyama,SAS,DAL,2024-10-25,SAS vs DAL,W,34.9,27.7,16,30,0.533,0,2,0.0,2.2,5.9,0.4,0.8,4.3,-8.3,1,2024-25
Victor Wembanyama,SAS,NYK,2024-10-28,SAS @ NYK,L,35.5,26.8,11,25,0.44,0,1,0.0,8.0,3.6,1.2,0.8,5.5,0.5,0,2024-25
Victor Wembanyama,SAS,ORL,2024-10-31,SAS vs ORL,W,28.7,21.6,11,21,0.524,0,2,0.0,0.0,5.1,0.2,1.2,2.7,8.1,1,2024-25
Victor Wembanyama,SAS,DAL,2024-11-03,SAS @ DAL,L,37.7,33.1,13,31,0.419,0,0,0.0,6.9,4.5,1.8,0.4,1.7,4.5,0,2024-25
Victor Wembanyama,SAS,ORL,2024-11-06,SAS @ ORL,W,32.4,36.5,14,35,0.4,0,1,0.0,5.4,3.4,2.2,1.0,0.0,1.5,0,2024-25
Victor Wembanyama,SAS,OKC,2024-11-09,SAS vs OKC,W,29.1,22.9,10,21,0.476,1,3,0.333,7.2,5.4,2.8,0.6,3.0,3.2,1,2024-25
Victor Wembanyama,SAS,PHI,2024-11-12,SAS vs PHI,L,35.8,22.3,11,22,0.5,0,2,0.0,9.2,0.0,1.2,1.0,2.0,-9.4,1,2024-25
Victor Wembanyama,SAS,WAS,2024-11-15,SAS @ WAS,L,34.5,20.8,8,20,0.4,0,0,0.0,5.4,4.2,1.3,1.3,2.7,-6.5,0,2024-25
Victor Wembanyama,SAS,DET,2024-11-18,SAS @ DET,L,30.1,34.3,17,33,0.515,0,1,0.0,6.9,3.5,1.3,1.0,0.5,1.3,0,2024-25
Victor Wembanyama,SAS,OKC,2024-11-21,SAS vs OKC,W,37.4,25.5,12,25,0.48,0,3,0.0,4.6,5.5,1.2,1.3,1.5,15.5,1,2024-25
Victor Wembanyama,SAS,DEN,2024-11-24,SAS @ DEN,L,32.2,25.0,13,27,0.481,0,2,0.0,8.4,3.8,1.4,0.5,3.2,-1.9,0,2024-25
Victor Wembanyama,SAS,SAC,2024-11-27,SAS @ SAC,W,36.3,29.4,15,28,0.536,0,2,0.0,4.2,6.4,0.9,1.1,1.8,1.9,0,2024-25
Victor Wembanyama,SAS,GSW,2024-11-30,SAS vs GSW,L,31.9,25.8,10,25,0.4,1,3,0.333,2.3,2.9,0.8,0.9,1.1,2.9,1,2024-25
Victor Wembanyama,SAS,MEM,2024-12-03,SAS vs MEM,W,29.7,29.1,14,27,0.519,0,1,0.0,8.8,6.4,2.2,0.9,2.0,-12.3,1,2024-25
Victor Wembanyama,SAS,LAL,2024-12-06,SAS @ LAL,W,34.8,38.5,18,36,0.5,0,2,0.0,5.2,5.0,2.1,0.1,2.8,-10.4,0,2024-25
Victor Wembanyama,SAS,SAC,2024-12-09,SAS vs SAC,W,29.9,16.8,7,16,0.438,0,2,0.0,7.5,4.4,0.5,0.7,0.7,-6.6,1,2024-25
Victor Wembanyama,SAS,GSW,2024-12-12,SAS @ GSW,L,34.9,26.5,16,28,0.571,0,0,0.0,3.4,6.1,0.0,2.0,3.5,25.3,0,2024-25
Victor Wembanyama,SAS,POR,2024-12-15,SAS @ POR,L,28.2,20.2,12,21,0.571,0,2,0.0,5.0,2.5,0.9,0.4,2.5,-5.5,0,2024-25
Victor Wembanyama,SAS,CLE,2024-12-18,SAS @ CLE,L,32.2,20.0,11,21,0.524,0,2,0.0,11.2,4.8,0.0,1.4,2.8,-0.3,0,2024-25
Victor Wembanyama,SAS,WAS,2024-12-21,SAS vs WAS,W,35.8,33.2,14,32,0.438,0,2,0.0,10.5,3.3,2.3,0.7,1.8,6.3,1,2024-25
Victor Wembanyama,SAS,LAL,2024-12-24,SAS vs LAL,W,28.6,27.4,12,26,0.462,0,1,0.0,7.2,3.6,0.9,0.3,3.2,7.6,1,2024-25
Victor Wembanyama,SAS,GSW,2024-12-27,SAS @ GSW,W,35.7,22.1,12,23,0.522,0,1,0.0,13.2,5.3,0.4,1.1,2.5,5.6,0,2024-25
Victor Wembanyama,SAS,ORL,2024-12-30,SAS @ ORL,L,37.9,23.0,9,21,0.429,0,2,0.0,3.5,0.0,1.2,1.1,1.8,4.1,0,2024-25
Victor Wembanyama,SAS,ORL,2025-01-02,SAS vs ORL,W,28.1,23.8,13,26,0.5,0,2,0.0,6.3,3.7,1.4,0.0,4.1,-7.0,1,2024-25
Victor Wembanyama,SAS,MIA,2025-01-05,SAS vs MIA,L,36.9,17.0,8,17,0.471,0,1,0.0,4.9,0.0,0.8,1.5,2.0,2.8,1,2024-25
Victor Wembanyama,SAS,HOU,2025-01-08,SAS vs HOU,W,33.8,29.2,17,31,0.548,0,1,0.0,2.7,0.7,0.0,1.5,3.3,8.6,1,2024-25
Victor Wembanyama,SAS,OKC,2025-01-11,SAS vs OKC,W,34.6,21.0,11,21,0.524,0,3,0.0,3.2,4.0,0.7,0.9,1.5,4.2,1,2024-25
Victor Wembanyama,SAS,IND,2025-01-14,SAS vs IND,W,34.8,24.1,13,24,0.542,0,2,0.0,5.1,0.0,1.0,1.1,1.6,-11.3,1,2024-25
Victor Wembanyama,SAS,IND,2025-01-17,SAS vs IND,W,34.5,29.1,14,29,0.483,0,1,0.0,6.1,1.6,2.9,1.4,2.1,0.4,1,2024-25
Cade Cunningham,DET,TOR,2024-10-22,DET vs TOR,W,36.3,27.9,12,30,0.4,0,2,0.0,6.0,9.2,2.6,0.1,4.5,22.8,1,2024-25
Cade Cunningham,DET,ORL,2024-10-25,DET @ ORL,W,33.6,20.4,10,21,0.476,1,5,0.2,6.0,6.2,1.9,0.0,3.0,3.4,0,2024-25
Cade Cunningham,DET,WAS,2024-10-28,DET @ WAS,L,30.0,18.1,8,17,0.471,0,2,0.0,4.1,7.5,1.3,0.4,3.5,-1.6,0,2024-25
Cade Cunningham,DET,PHI,2024-10-31,DET @ PHI,W,33.4,18.3,7,19,0.368,1,4,0.25,3.0,6.2,0.8,0.5,3.9,-3.2,0,2024-25
Cade Cunningham,DET,LAC,2024-11-03,DET @ LAC,W,35.5,31.7,15,34,0.441,0,2,0.0,2.3,4.3,1.5,0.0,4.7,15.4,0,2024-25
Cade Cunningham,DET,UTA,2024-11-06,DET vs UTA,W,34.2,30.5,17,32,0.531,0,3,0.0,3.4,7.8,1.6,0.1,2.3,16.5,1,2024-25
Cade Cunningham,DET,HOU,2024-11-09,DET @ HOU,W,32.4,28.0,12,30,0.4,0,2,0.0,0.8,7.1,0.7,0.0,3.0,16.9,0,2024-25
Cade Cunningham,DET,OKC,2024-11-12,DET @ OKC,L,30.2,22.8,11,23,0.478,2,8,0.25,4.3,2.8,1.5,0.0,2.7,4.9,0,2024-25
Cade Cunningham,DET,PHX,2024-11-15,DET @ PHX,L,35.5,23.4,11,24,0.458,3,8,0.375,4.4,8.1,1.5,0.8,3.3,12.6,0,2024-25
Cade Cunningham,DET,GSW,2024-11-18,DET @ GSW,L,35.3,27.9,14,30,0.467,2,6,0.333,2.4,4.3,1.4,0.2,4.6,13.9,0,2024-25
Cade Cunningham,DET,TOR,2024-11-21,DET vs TOR,W,34.1,23.3,10,25,0.4,3,7,0.429,2.5,6.0,0.8,1.1,2.7,-13.8,1,2024-25
Cade Cunningham,DET,OKC,2024-11-24,DET @ OKC,W,37.6,26.4,10,24,0.417,2,7,0.286,11.1,6.4,2.4,0.0,2.7,0.3,0,2024-25
Cade Cunningham,DET,POR,2024-11-27,DET @ POR,L,32.8,26.5,12,28,0.429,0,3,0.0,1.6,7.4,0.0,0.4,2.6,-0.0,0,2024-25
Cade Cunningham,DET,IND,2024-11-30,DET vs IND,W,36.5,16.8,8,18,0.444,1,7,0.143,2.4,6.3,0.5,0.2,1.1,-11.7,1,2024-25
Cade Cunningham,DET,BOS,2024-12-03,DET @ BOS,W,30.7,25.8,11,25,0.44,1,4,0.25,3.8,6.6,0.4,0.5,2.4,-9.3,0,2024-25
Cade Cunningham,DET,HOU,2024-12-06,DET vs HOU,W,31.3,25.8,10,26,0.385,0,2,0.0,5.8,6.7,0.0,0.7,4.3,3.9,1,2024-25
Cade Cunningham,DET,ATL,2024-12-09,DET vs ATL,L,36.8,31.2,12,29,0.414,2,5,0.4,7.9,12.0,0.5,0.7,4.9,8.2,1,2024-25
Cade Cunningham,DET,UTA,2024-12-12,DET vs UTA,L,29.1,21.8,9,21,0.429,0,2,0.0,5.7,12.3,0.6,0.3,3.8,2.9,1,2024-25
Cade Cunningham,DET,NOP,2024-12-15,DET vs NOP,L,36.1,36.2,18,37,0.486,1,5,0.2,10.6,10.5,0.8,0.7,1.9,7.7,1,2024-25
Cade Cunningham,DET,WAS,2024-12-18,DET vs WAS,L,35.1,18.0,11,20,0.55,3,8,0.375,4.6,6.9,0.9,0.0,3.7,4.4,1,2024-25
Cade Cunningham,DET,HOU,2024-12-21,DET @ HOU,W,34.2,15.5,6,16,0.375,2,6,0.333,0.8,9.3,1.7,0.0,3.3,8.3,0,2024-25
Cade Cunningham,DET,MIA,2024-12-24,DET @ MIA,W,29.2,25.4,11,26,0.423,1,4,0.25,6.1,5.5,2.0,1.6,3.0,2.7,0,2024-25
Cade Cunningham,DET,DEN,2024-12-27,DET @ DEN,L,33.7,28.1,16,30,0.533,0,2,0.0,1.9,6.2,1.3,0.0,3.2,-4.3,0,2024-25
Cade Cunningham,DET,UTA,2024-12-30,DET vs UTA,W,37.4,30.8,12,29,0.414,1,5,0.2,5.1,9.2,1.6,0.3,3.4,6.2,1,2024-25
Cade Cunningham,DET,MEM,2025-01-02,DET vs MEM,L,29.9,29.0,15,28,0.536,1,4,0.25,6.6,6.1,0.9,1.4,3.6,-3.1,1,2024-25
Cade Cunningham,DET,UTA,2025-01-05,DET @ UTA,L,33.4,32.1,19,33,0.576,2,7,0.286,6.2,11.0,0.3,0.7,0.6,-0.5,0,2024-25
Cade Cunningham,DET,SAC,2025-01-08,DET vs SAC,W,31.0,26.8,10,25,0.4,0,2,0.0,0.0,10.4,0.6,1.4,0.2,6.4,1,2024-25
Cade Cunningham,DET,DAL,2025-01-11,DET vs DAL,W,29.7,30.9,14,29,0.483,1,3,0.333,0.0,8.8,1.0,0.0,1.5,15.1,1,2024-25
Cade Cunningham,DET,CHA,2025-01-14,DET vs CHA,L,35.1,22.7,9,21,0.429,1,3,0.333,4.2,6.5,0.7,0.0,2.6,11.2,1,2024-25
Cade Cunningham,DET,MIN,2025-01-17,DET @ MIN,L,37.8,22.1,10,21,0.476,2,7,0.286,1.6,5.7,1.8,0.1,1.6,0.9,0,2024-25
LaMelo Ball,CHA,PHX,2024-10-22,CHA vs PHX,L,29.3,25.2,10,24,0.417,4,9,0.444,6.0,6.6,0.9,1.0,2.2,-5.0,1,2024-25
LaMelo Ball,CHA,LAL,2024-10-25,CHA vs LAL,L,36.0,34.1,15,36,0.417,0,2,0.0,3.0,6.4,2.4,0.3,0.9,2.4,1,2024-25
LaMelo Ball,CHA,SAC,2024-10-28,CHA vs SAC,W,37.1,36.4,15,34,0.441,1,5,0.2,2.5,11.4,1.6,0.7,1.2,3.4,1,2024-25
LaMelo Ball,CHA,LAL,2024-10-31,CHA @ LAL,W,31.5,13.3,7,13,0.538,2,6,0.333,0.0,6.1,1.3,0.5,3.5,24.5,0,2024-25
LaMelo Ball,CHA,SAC,2024-11-03,CHA @ SAC,L,37.1,26.6,14,27,0.519,2,7,0.286,4.6,4.7,1.3,0.2,2.3,-9.8,0,2024-25
LaMelo Ball,CHA,MIA,2024-11-06,CHA @ MIA,W,32.3,20.5,10,20,0.5,0,2,0.0,7.7,9.0,0.0,0.1,1.4,-0.5,0,2024-25
LaMelo Ball,CHA,OKC,2024-11-09,CHA @ OKC,L,30.4,35.0,16,35,0.457,3,7,0.429,5.0,5.9,1.9,0.5,1.6,9.2,0,2024-25
LaMelo Ball,CHA,GSW,2024-11-12,CHA vs GSW,W,29.9,25.2,13,27,0.481,2,7,0.286,0.3,7.0,0.2,0.5,3.4,2.1,1,2024-25
LaMelo Ball,CHA,CHI,2024-11-15,CHA vs CHI,L,32.9,21.7,10,22,0.455,1,4,0.25,5.6,9.0,1.9,0.2,2.1,-11.9,1,2024-25
LaMelo Ball,CHA,NOP,2024-11-18,CHA @ NOP,L,36.5,13.3,7,15,0.467,1,3,0.333,4.0,3.5,0.3,0.8,4.2,-5.7,0,2024-25
LaMelo Ball,CHA,WAS,2024-11-21,CHA vs WAS,W,15.1,5.6,3,7,0.429,0,2,0.0,0.0,2.0,1.3,0.4,2.7,-0.7,1,2024-25
LaMelo Ball,CHA,GSW,2024-11-24,CHA vs GSW,L,30.5,16.5,6,16,0.375,2,6,0.333,4.9,7.7,1.4,0.4,2.2,-8.5,1,2024-25
LaMelo Ball,CHA,ATL,2024-11-27,CHA @ ATL,W,31.8,20.7,9,21,0.429,2,7,0.286,1.8,11.0,1.5,0.7,2.4,3.7,0,2024-25
LaMelo Ball,CHA,MEM,2024-11-30,CHA vs MEM,W,31.8,43.8,17,43,0.395,0,2,0.0,7.2,7.9,0.7,0.0,1.4,4.4,1,2024-25
LaMelo Ball,CHA,MIL,2024-12-03,CHA vs MIL,W,19.5,6.2,2,5,0.4,0,3,0.0,4.5,11.1,0.9,0.0,3.6,4.2,1,2024-25
LaMelo Ball,CHA,NOP,2024-12-06,CHA vs NOP,L,30.5,28.6,12,28,0.429,2,7,0.286,8.4,10.3,0.5,0.0,1.8,-1.2,1,2024-25
LaMelo Ball,CHA,NYK,2024-12-09,CHA @ NYK,W,13.0,8.1,4,9,0.444,2,7,0.286,6.4,4.2,1.7,0.6,4.1,-1.0,0,2024-25
LaMelo Ball,CHA,MIN,2024-12-12,CHA @ MIN,L,23.4,0.0,1,2,0.5,1,3,0.333,8.5,6.8,0.7,1.5,3.6,1.2,0,2024-25
LaMelo Ball,CHA,WAS,2024-12-15,CHA vs WAS,W,32.5,22.9,12,23,0.522,1,5,0.2,9.9,4.2,1.5,0.3,1.9,3.1,1,2024-25
LaMelo Ball,CHA,ORL,2024-12-18,CHA vs ORL,L,32.8,22.5,8,20,0.4,2,8,0.25,9.7,9.3,2.8,0.0,3.7,6.0,1,2024-25
LaMelo Ball,CHA,ORL,2024-12-21,CHA vs ORL,W,35.0,45.9,27,48,0.562,1,3,0.333,6.7,11.7,1.3,0.0,2.2,7.9,1,2024-25
LaMelo Ball,CHA,CHI,2024-12-24,CHA vs CHI,W,35.7,12.3,7,13,0.538,3,8,0.375,0.8,7.7,1.0,0.6,0.9,-2.9,1,2024-25
LaMelo Ball,CHA,DAL,2024-12-27,CHA @ DAL,W,35.3,15.6,9,17,0.529,1,7,0.143,9.1,8.6,2.1,0.3,4.1,4.5,0,2024-25
LaMelo Ball,CHA,HOU,2024-12-30,CHA vs HOU,W,34.2,38.6,20,38,0.526,2,8,0.25,0.0,7.6,0.9,0.4,2.6,-1.5,1,2024-25
LaMelo Ball,CHA,POR,2025-01-02,CHA vs POR,L,31.0,13.3,6,13,0.462,1,5,0.2,4.8,7.2,0.0,0.5,2.3,-10.5,1,2024-25
LaMelo Ball,CHA,IND,2025-01-05,CHA vs IND,L,28.9,30.3,16,28,0.571,2,8,0.25,5.0,2.9,1.1,0.7,4.0,8.7,1,2024-25
LaMelo Ball,CHA,MIL,2025-01-08,CHA vs MIL,W,37.3,30.9,13,31,0.419,2,8,0.25,6.6,7.2,1.0,1.4,3.3,1.6,1,2024-25
LaMelo Ball,CHA,PHX,2025-01-11,CHA @ PHX,W,29.9,35.5,19,36,0.528,2,7,0.286,8.7,9.6,1.1,0.2,2.5,1.2,0,2024-25
LaMelo Ball,CHA,NOP,2025-01-14,CHA vs NOP,L,36.0,16.2,6,15,0.4,2,7,0.286,0.9,8.7,0.4,1.1,5.1,4.2,1,2024-25
LaMelo Ball,CHA,CLE,2025-01-17,CHA @ CLE,L,16.0,4.2,2,5,0.4,1,5,0.2,9.4,2.5,0.6,1.0,4.1,-0.6,0,2024-25
Scottie Barnes,TOR,PHI,2024-10-22,TOR @ PHI,W,35.2,21.0,9,21,0.429,3,9,0.333,6.9,2.3,1.9,0.7,2.5,-4.3,0,2024-25
Scottie Barnes,TOR,GSW,2024-10-25,TOR @ GSW,W,31.0,30.5,13,28,0.464,0,2,0.0,3.7,0.3,0.0,0.0,0.6,5.7,0,2024-25
Scottie Barnes,TOR,ORL,2024-10-28,TOR vs ORL,W,32.9,20.1,7,18,0.389,3,8,0.375,0.8,2.0,0.4,0.2,3.3,-8.0,1,2024-25
Scottie Barnes,TOR,OKC,2024-10-31,TOR vs OKC,L,33.9,27.2,12,26,0.462,3,9,0.333,3.4,4.3,1.0,0.9,2.0,3.4,1,2024-25
Scottie Barnes,TOR,CLE,2024-11-03,TOR @ CLE,W,30.6,32.4,17,34,0.5,1,6,0.167,6.9,2.8,0.0,0.0,2.0,-7.9,0,2024-25
Scottie Barnes,TOR,OKC,2024-11-06,TOR @ OKC,W,29.4,26.7,11,29,0.379,2,6,0.333,11.4,8.4,0.7,1.1,3.5,-0.5,0,2024-25
Scottie Barnes,TOR,CHA,2024-11-09,TOR vs CHA,W,33.4,18.6,7,17,0.412,2,6,0.333,0.6,5.2,2.1,0.6,1.4,18.3,1,2024-25
Scottie Barnes,TOR,PHI,2024-11-12,TOR @ PHI,W,30.8,21.5,10,20,0.5,2,6,0.333,8.4,3.9,0.0,0.0,2.5,3.3,0,2024-25
Scottie Barnes,TOR,PHX,2024-11-15,TOR @ PHX,L,37.5,20.2,12,22,0.545,1,4,0.25,4.0,1.5,1.2,0.0,2.9,-5.9,0,2024-25
Scottie Barnes,TOR,MIA,2024-11-18,TOR vs MIA,L,30.1,19.5,10,19,0.526,1,3,0.333,4.1,6.6,1.2,0.0,0.8,-0.3,1,2024-25
Scottie Barnes,TOR,LAC,2024-11-21,TOR @ LAC,L,30.5,19.8,9,18,0.5,2,6,0.333,7.3,3.4,0.5,0.6,1.4,5.0,0,2024-25
Scottie Barnes,TOR,PHI,2024-11-24,TOR @ PHI,L,31.6,32.8,17,34,0.5,2,9,0.222,7.4,0.0,2.0,0.8,1.5,-0.5,0,2024-25
Scottie Barnes,TOR,HOU,2024-11-27,TOR vs HOU,W,35.7,24.7,11,27,0.407,0,2,0.0,4.9,5.8,0.9,0.2,2.5,-3.5,1,2024-25
Scottie Barnes,TOR,MIN,2024-11-30,TOR @ MIN,L,30.4,27.7,15,28,0.536,0,2,0.0,2.1,5.6,0.6,0.0,2.0,14.8,0,2024-25
Scottie Barnes,TOR,UTA,2024-12-03,TOR vs UTA,W,30.6,26.0,13,25,0.52,1,4,0.25,6.4,0.0,2.2,0.2,3.3,11.4,1,2024-25
Scottie Barnes,TOR,IND,2024-12-06,TOR vs IND,W,32.2,14.3,6,12,0.5,2,7,0.286,4.6,3.6,2.3,0.0,2.6,-2.6,1,2024-25
Scottie Barnes,TOR,BOS,2024-12-09,TOR @ BOS,L,34.7,41.6,20,40,0.5,2,9,0.222,7.4,2.0,1.7,0.4,2.7,4.8,0,2024-25
Scottie Barnes,TOR,DEN,2024-12-12,TOR vs DEN,L,32.1,19.8,8,20,0.4,1,5,0.2,5.2,6.7,0.0,0.0,1.2,-5.8,1,2024-25
Scottie Barnes,TOR,SAC,2024-12-15,TOR @ SAC,L,34.2,24.8,11,25,0.44,2,9,0.222,7.4,6.1,1.4,0.1,2.3,-14.2,0,2024-25
Scottie Barnes,TOR,CHA,2024-12-18,TOR vs CHA,L,32.7,25.7,14,27,0.519,2,9,0.222,5.7,5.5,2.0,0.8,1.9,9.5,1,2024-25
Scottie Barnes,TOR,GSW,2024-12-21,TOR @ GSW,W,37.6,23.9,9,22,0.409,1,4,0.25,5.7,6.4,1.9,1.0,0.0,18.6,0,2024-25
Scottie Barnes,TOR,LAL,2024-12-24,TOR @ LAL,L,30.0,26.8,11,28,0.393,0,2,0.0,6.9,6.0,1.1,0.8,1.8,-0.4,0,2024-25
Scottie Barnes,TOR,DET,2024-12-27,TOR @ DET,L,30.1,28.4,15,27,0.556,3,8,0.375,4.8,6.8,0.1,0.6,2.2,-2.6,0,2024-25
Scottie Barnes,TOR,LAL,2024-12-30,TOR vs LAL,W,35.4,30.2,13,32,0.406,3,9,0.333,6.2,3.2,0.8,0.5,2.9,-2.0,1,2024-25
Scottie Barnes,TOR,MEM,2025-01-02,TOR vs MEM,L,30.7,18.3,8,16,0.5,0,3,0.0,8.9,5.9,1.8,0.5,4.4,4.7,1,2024-25
Scottie Barnes,TOR,MIL,2025-01-05,TOR @ MIL,W,30.0,23.4,8,21,0.381,2,7,0.286,2.4,1.5,1.1,0.6,2.7,-2.9,0,2024-25
Scottie Barnes,TOR,MIL,2025-01-08,TOR vs MIL,L,33.0,33.3,14,32,0.438,2,9,0.222,4.6,4.6,0.7,1.1,2.4,1.4,1,2024-25
Scottie Barnes,TOR,UTA,2025-01-11,TOR @ UTA,L,36.3,34.7,15,34,0.441,2,7,0.286,5.5,1.7,1.6,0.4,4.7,-1.4,0,2024-25
Scottie Barnes,TOR,DEN,2025-01-14,TOR vs DEN,W,33.1,24.4,10,22,0.455,1,5,0.2,14.4,7.2,1.0,0.3,3.0,14.8,1,2024-25
Scottie Barnes,TOR,CHI,2025-01-17,TOR @ CHI,L,29.3,27.0,11,25,0.44,1,3,0.333,3.2,3.4,2.3,0.0,0.8,6.6,0,2024-25
Evan Mobley,CLE,IND,2024-10-22,CLE vs IND,W,35.7,30.4,16,29,0.552,0,2,0.0,6.9,5.2,1.4,1.0,2.7,-1.8,1,2024-25
Evan Mobley,CLE,NYK,2024-10-25,CLE vs NYK,W,37.3,25.3,13,24,0.542,1,3,0.333,5.9,2.1,0.3,1.1,1.8,-1.4,1,2024-25
Evan Mobley,CLE,WAS,2024-10-28,CLE vs WAS,W,37.6,22.1,9,20,0.45,0,3,0.0,5.9,11.1,0.0,0.0,0.8,11.8,1,2024-25
Evan Mobley,CLE,NOP,2024-10-31,CLE vs NOP,W,28.2,26.4,11,25,0.44,0,2,0.0,6.6,0.0,0.6,0.9,2.3,3.7,1,2024-25
Evan Mobley,CLE,PHX,2024-11-03,CLE @ PHX,W,33.2,19.4,10,20,0.5,0,3,0.0,3.8,0.3,1.1,1.8,2.5,-11.6,0,2024-25
Evan Mobley,CLE,GSW,2024-11-06,CLE @ GSW,W,31.7,20.4,11,21,0.524,1,3,0.333,1.2,9.9,2.8,1.1,1.0,10.7,0,2024-25
Evan Mobley,CLE,MEM,2024-11-09,CLE @ MEM,W,29.7,26.0,12,27,0.444,0,0,0.0,10.0,6.6,1.4,1.1,1.9,2.9,0,2024-25
Evan Mobley,CLE,ATL,2024-11-12,CLE vs ATL,W,29.7,27.1,12,29,0.414,0,3,0.0,10.0,5.4,1.8,0.1,2.3,0.8,1,2024-25
Evan Mobley,CLE,ATL,2024-11-15,CLE @ ATL,L,32.3,33.4,14,33,0.424,0,3,0.0,1.1,1.1,2.5,1.0,1.6,9.3,0,2024-25
Evan Mobley,CLE,IND,2024-11-18,CLE vs IND,L,35.7,34.1,15,33,0.455,0,1,0.0,6.1,6.4,0.9,0.7,4.8,2.1,1,2024-25
Evan Mobley,CLE,MIN,2024-11-21,CLE vs MIN,W,33.2,36.1,18,35,0.514,0,1,0.0,11.5,4.8,0.8,1.1,2.3,2.2,1,2024-25
Evan Mobley,CLE,MIA,2024-11-24,CLE vs MIA,W,36.9,30.0,13,31,0.419,0,3,0.0,10.9,3.8,1.4,1.0,4.0,0.9,1,2024-25
Evan Mobley,CLE,MIL,2024-11-27,CLE vs MIL,L,32.2,28.2,16,30,0.533,0,0,0.0,1.2,2.6,0.8,1.7,2.4,10.5,1,2024-25
Evan Mobley,CLE,LAL,2024-11-30,CLE vs LAL,L,32.5,28.0,11,28,0.393,0,0,0.0,9.6,5.3,0.4,0.8,4.8,5.6,1,2024-25
Evan Mobley,CLE,CHA,2024-12-03,CLE vs CHA,L,32.3,23.3,12,25,0.48,1,3,0.333,4.0,6.1,1.4,1.5,3.2,11.3,1,2024-25
Evan Mobley,CLE,SAC,2024-12-06,CLE vs SAC,L,37.3,38.2,21,39,0.538,1,3,0.333,10.1,3.0,0.9,1.4,3.7,21.7,1,2024-25
Evan Mobley,CLE,NYK,2024-12-09,CLE vs NYK,W,35.9,24.6,8,22,0.364,1,3,0.333,7.4,1.5,0.8,0.9,1.1,-0.9,1,2024-25
Evan Mobley,CLE,PHI,2024-12-12,CLE vs PHI,L,31.5,17.3,6,15,0.4,0,1,0.0,9.7,5.0,1.2,0.6,3.0,8.5,1,2024-25
Evan Mobley,CLE,PHI,2024-12-15,CLE @ PHI,L,34.7,32.3,16,33,0.485,0,1,0.0,8.0,0.0,1.7,1.1,2.2,6.1,0,2024-25
Evan Mobley,CLE,MEM,2024-12-18,CLE vs MEM,W,28.1,23.9,12,25,0.48,0,0,0.0,7.8,1.7,0.2,1.5,2.7,10.0,1,2024-25
Evan Mobley,CLE,ATL,2024-12-21,CLE vs ATL,W,35.3,20.6,9,18,0.5,0,2,0.0,12.1,4.2,0.7,1.4,5.0,-0.3,1,2024-25
Evan Mobley,CLE,OKC,2024-12-24,CLE vs OKC,W,28.1,17.7,7,19,0.368,0,3,0.0,0.6,3.7,0.0,0.7,2.0,4.0,1,2024-25
Evan Mobley,CLE,SAS,2024-12-27,CLE vs SAS,W,36.9,28.0,12,29,0.414,0,1,0.0,5.7,3.4,1.0,2.1,2.6,4.8,1,2024-25
Evan Mobley,CLE,DET,2024-12-30,CLE @ DET,W,34.3,25.6,12,24,0.5,0,1,0.0,8.1,6.5,1.7,1.6,2.6,-2.0,0,2024-25
Evan Mobley,CLE,BOS,2025-01-02,CLE @ BOS,W,32.2,17.6,7,19,0.368,0,1,0.0,7.9,4.3,1.0,0.7,2.9,-2.6,0,2024-25
Evan Mobley,CLE,PHX,2025-01-05,CLE @ PHX,L,34.2,19.1,9,21,0.429,0,1,0.0,10.9,5.8,0.6,1.6,3.7,-5.9,0,2024-25
Evan Mobley,CLE,PHI,2025-01-08,CLE vs PHI,L,28.6,17.0,8,18,0.444,0,1,0.0,8.1,1.7,2.0,0.7,0.0,7.4,1,2024-25
Evan Mobley,CLE,HOU,2025-01-11,CLE @ HOU,L,35.2,17.0,10,19,0.526,1,3,0.333,8.9,7.1,0.2,1.2,0.9,12.6,0,2024-25
Evan Mobley,CLE,IND,2025-01-14,CLE @ IND,W,31.4,26.7,13,27,0.481,0,1,0.0,6.7,4.6,0.3,0.2,4.9,-5.0,0,2024-25
Evan Mobley,CLE,POR,2025-01-17,CLE vs POR,L,35.6,30.4,15,29,0.517,0,1,0.0,11.0,1.2,0.9,0.2,4.1,-1.6,1,2024-25
